Indicador;Mes;Negocio;Nodo;Meta;Meta_;Real;Real_;Tipo de indicador;Resultado 1;Resultado 2;Resulatado indicador;;;;;
Crecimiento ingresos;31/12/2021;Turismo;Bienestar Físico y Emocional;74,5%;74,50;147,39%;147,39;Creciente;197,8%;120,0%;Sobresaliente;;;;;
Porcentaje de márgen de utilidad;31/12/2021;Turismo;Bienestar Físico y Emocional;-115,63%;-115,63;-65,85%;-65,85;Creciente;143,1%;120,0%;Sobresaliente;;;;;
Cumplimiento de presupuesto de egreso;31/12/2021;Turismo;Bienestar Físico y Emocional;100,00%;100,00;109,04%;109,04;Decreciente;91,0%;91,0%;Tolerable;;;;;
Porcentaje de egreso subsidiado;31/12/2021;Turismo;Bienestar Físico y Emocional;53,62%;53,62;39,71%;39,71;Decreciente;125,9%;120,0%;Sobresaliente;;;;;
Satísfacción afiliados ;31/12/2021;Turismo;Bienestar Físico y Emocional; 4,65 ;4,65; 4,57 ;4,57;Creciente;98,3%;98,3%;Satisfactorio;;;;;
Percepción de bienestar generado por la Caja;31/12/2021;Turismo;Bienestar Físico y Emocional;50,00%;50,00;54,63%;54,63;Creciente;109,3%;109,3%;Sobresaliente;;;;;
Crecimiento de coberturas;31/12/2021;Turismo;Bienestar Físico y Emocional;44,68%;44,68;70,95%;70,95;Creciente;158,8%;120,0%;Sobresaliente;;;;;
Penetración de uso en la población A y B;31/12/2021;Turismo;Bienestar Físico y Emocional;38,87%;38,87;28,55%;28,55;Creciente;73,4%;73,4%;Incumple;;;;;
Crecimiento ingresos;31/12/2021;Hoteles;Bienestar Físico y Emocional;76,7%;76,73;147,86%;147,86;Creciente;192,7%;120,0%;Sobresaliente;;;;;
Cumplimiento de presupuesto de egreso;31/12/2021;Hoteles;Bienestar Físico y Emocional;100,00%;100,00;110,35%;110,35;Decreciente;89,7%;89,7%;Tolerable;;;;;
Porcentaje de egreso subsidiado;31/12/2021;Hoteles;Bienestar Físico y Emocional;54,30%;54,30;41,92%;41,92;Decreciente;122,8%;120,0%;Sobresaliente;;;;;
Satísfacción afiliados ;31/12/2021;Hoteles;Bienestar Físico y Emocional; 4,65 ;4,65; 4,59 ;4,59;Creciente;98,7%;98,7%;Satisfactorio;;;;;
Percepción de bienestar generado por la Caja;31/12/2021;Hoteles;Bienestar Físico y Emocional;50,00%;50,00;56,08%;56,08;Creciente;112,2%;112,2%;Sobresaliente;;;;;
Crecimiento de coberturas;31/12/2021;Hoteles;Bienestar Físico y Emocional;41,46%;41,46;53,15%;53,15;Creciente;128,2%;120,0%;Sobresaliente;;;;;
Penetración de uso en la población A y B;31/12/2021;Hoteles;Bienestar Físico y Emocional;43,45%;43,45;34,04%;34,04;Creciente;78,3%;78,3%;Incumple;;;;;
Crecimiento ingresos;31/12/2021;Agencia de Viajes;Bienestar Físico y Emocional;51,4%;51,37;142,49%;142,49;Creciente;277,4%;120,0%;Sobresaliente;;;;;
Porcentaje de márgen de utilidad;31/12/2021;Agencia de Viajes;Bienestar Físico y Emocional;1,00%;1,00;1,46%;1,46;Creciente;146,0%;120,0%;Sobresaliente;No esta meta 2021 Dic;;;;
Cumplimiento de presupuesto de egreso;31/12/2021;Agencia de Viajes;Bienestar Físico y Emocional;100,00%;100,00;89,31%;89,31;Decreciente;110,7%;110,7%;Sobresaliente;;;;;
Satísfacción afiliados ;31/12/2021;Agencia de Viajes;Bienestar Físico y Emocional; 4,65 ;4,65; 4,44 ;4,44;Creciente;95,5%;95,5%;Satisfactorio;;;;;
Percepción de bienestar generado por la Caja;31/12/2021;Agencia de Viajes;Bienestar Físico y Emocional;50,00%;50,00;47,29%;47,29;Creciente;94,6%;94,6%;Tolerable;;;;;
Crecimiento de coberturas;31/12/2021;Agencia de Viajes;Bienestar Físico y Emocional;67,79%;67,79;198,56%;198,56;Creciente;292,9%;120,0%;Sobresaliente;;;;;
Penetración de uso en la población A y B;31/12/2021;Agencia de Viajes;Bienestar Físico y Emocional;11,20%;11,20;8,38%;8,38;Creciente;74,8%;74,8%;Incumple;;;;;
Crecimiento ingresos;31/12/2021;Recreación y Deportes;Bienestar Físico y Emocional;159,5%;159,50;172,06%;172,06;Creciente;107,9%;107,9%;Sobresaliente;;;;;
Cumplimiento de presupuesto de egreso;31/12/2021;Recreación y Deportes;Bienestar Físico y Emocional;100,00%;100,00;108,75%;108,75;Decreciente;91,3%;91,3%;Tolerable;;;;;
Porcentaje de egreso subsidiado;31/12/2021;Recreación y Deportes;Bienestar Físico y Emocional;47,19%;47,19;49,09%;49,09;Decreciente;96,0%;96,0%;Satisfactorio;;;;;
Satísfacción afiliados ;31/12/2021;Recreación y Deportes;Bienestar Físico y Emocional; 4,65 ;4,65; 4,41 ;4,41;Creciente;94,8%;94,8%;Tolerable;;;;;
Percepción de bienestar generado por la Caja;31/12/2021;Recreación y Deportes;Bienestar Físico y Emocional;50,00%;50,00;54,11%;54,11;Creciente;108,2%;108,2%;Sobresaliente;;;;;
Crecimiento de coberturas;31/12/2021;Recreación y Deportes;Bienestar Físico y Emocional;160,47%;160,47;135,01%;135,01;Creciente;84,1%;84,1%;Tolerable;;;;;
Penetración de uso en la población A y B;31/12/2021;Recreación y Deportes;Bienestar Físico y Emocional;27,76%;27,76;19,96%;19,96;Creciente;71,9%;71,9%;Incumple;;;;;
Crecimiento ingresos;31/12/2021;Alimentos y Bebidas;Bienestar Físico y Emocional;127,97%;127,97;188,75%;188,75;Creciente;147,5%;120,0%;Sobresaliente;;;;;
Porcentaje de márgen de utilidad;31/12/2021;Alimentos y Bebidas;Bienestar Físico y Emocional;5,76%;5,76;18,94%;18,94;Creciente;328,8%;120,0%;Sobresaliente;;;;;
Cumplimiento de presupuesto de egreso;31/12/2021;Alimentos y Bebidas;Bienestar Físico y Emocional;100,00%;100,00;108,99%;108,99;Decreciente;91,0%;91,0%;Tolerable;;;;;
Crecimiento ingresos;31/12/2021;Fomento de la salud;Bienestar Físico y Emocional;8,8%;8,75;112,85%;112,85;Creciente;1289,7%;120,0%;Sobresaliente;;;;;
Cumplimiento de presupuesto de egreso;31/12/2021;Fomento de la salud;Bienestar Físico y Emocional;100,00%;100,00;177,78%;177,78;Decreciente;22,2%;22,2%;Incumple;;;;;
Porcentaje de egreso subsidiado;31/12/2021;Fomento de la salud;Bienestar Físico y Emocional;26,09%;26,09;18,65%;18,65;Decreciente;128,5%;120,0%;Sobresaliente;;;;;
Satísfacción afiliados ;31/12/2021;Fomento de la salud;Bienestar Físico y Emocional; 4,65 ;4,65; 4,37 ;4,37;Creciente;94,0%;94,0%;Tolerable;;;;;
Percepción de bienestar generado por la Caja;31/12/2021;Fomento de la salud;Bienestar Físico y Emocional;50,00%;50,00;43,80%;43,80;Creciente;87,6%;87,6%;Tolerable;;;;;
Crecimiento de coberturas;31/12/2021;Fomento de la salud;Bienestar Físico y Emocional;14,67%;14,67;131,37%;131,37;Creciente;895,5%;120,0%;Sobresaliente;;;;;
Penetración de uso en la población A y B;31/12/2021;Fomento de la salud;Bienestar Físico y Emocional;23,31%;23,31;12,86%;12,86;Creciente;55,2%;55,2%;Incumple;;;;;
Crecimiento ingresos;31/12/2021;Educación;Bienestar Social e Intelectual;50,4%;50,35;61,56%;61,56;Creciente;122,3%;120,0%;Sobresaliente;;;;;
Cumplimiento de presupuesto de egreso;31/12/2021;Educación;Bienestar Social e Intelectual;100,00%;100,00;97,83%;97,83;Decreciente;102,2%;102,2%;Sobresaliente;;;;;
Porcentaje de egreso subsidiado;31/12/2021;Educación;Bienestar Social e Intelectual;5,70%;5,70;-3,58%;-3,58;Decreciente;259,2%;120,0%;Sobresaliente;;;;;
Satísfacción afiliados ;31/12/2021;Educación;Bienestar Social e Intelectual; 4,65 ;4,65; 4,70 ;4,70;Creciente;101,1%;101,1%;Sobresaliente;;;;;
Percepción de bienestar generado por la Caja;31/12/2021;Educación;Bienestar Social e Intelectual;50,00%;50,00;52,43%;52,43;Creciente;104,9%;104,9%;Sobresaliente;;;;;
Crecimiento de coberturas;31/12/2021;Educación;Bienestar Social e Intelectual;60,15%;60,15;18,63%;18,63;Creciente;31,0%;31,0%;Incumple;;;;;
Penetración de uso en la población A y B;31/12/2021;Educación;Bienestar Social e Intelectual;25,84%;25,84;25,82%;25,82;Creciente;99,9%;99,9%;Satisfactorio;;;;;
Crecimiento ingresos;31/12/2021;Educación Formal;Bienestar Social e Intelectual;13,8%;13,82;-24,64%;-24,64;Creciente;-178,3%;0,0%;Incumple;;;;;
Cumplimiento de presupuesto de egreso;31/12/2021;Educación Formal;Bienestar Social e Intelectual;100,00%;100,00;106,34%;106,34;Decreciente;93,7%;93,7%;Tolerable;Desactualizados a diciembre 31;;;93,66%;
Porcentaje de egreso subsidiado;31/12/2021;Educación Formal;Bienestar Social e Intelectual;19,26%;19,26;49,74%;49,74;Decreciente;-58,3%;0,0%;Incumple;;;38,72%;-139,00%;
Satísfacción afiliados ;31/12/2021;Educación Formal;Bienestar Social e Intelectual; 4,65 ;4,65; 4,72 ;4,72;Creciente;101,5%;101,5%;Sobresaliente;;;;;
Percepción de bienestar generado por la Caja;31/12/2021;Educación Formal;Bienestar Social e Intelectual;50,00%;50,00;55,49%;55,49;Creciente;111,0%;111,0%;Sobresaliente;;;;;
Crecimiento de coberturas;31/12/2021;Educación Formal;Bienestar Social e Intelectual;-15,85%;-15,85;-8,97%;-8,97;Creciente;143,4%;120,0%;Sobresaliente;;;;;
Penetración de uso en la población A y B;31/12/2021;Educación Formal;Bienestar Social e Intelectual;25,84%;25,84;1,48%;1,48;Creciente;5,7%;5,7%;Incumple;;;;;
Crecimiento ingresos;31/12/2021;ETDH;Bienestar Social e Intelectual;69,8%;69,83;66,68%;66,68;Creciente;95,5%;95,5%;Satisfactorio;;;;;
Cumplimiento de presupuesto de egreso;31/12/2021;ETDH;Bienestar Social e Intelectual;100,00%;100,00;92,27%;92,27;Decreciente;107,7%;107,7%;Sobresaliente;;;;;
Porcentaje de egreso subsidiado;31/12/2021;ETDH;Bienestar Social e Intelectual;10,66%;10,66;4,97%;4,97;Decreciente;153,4%;120,0%;Sobresaliente;;;;;
Satísfacción afiliados ;31/12/2021;ETDH;Bienestar Social e Intelectual; 4,65 ;4,65; 4,72 ;4,72;Creciente;101,5%;101,5%;Sobresaliente;;;;;
Percepción de bienestar generado por la Caja;31/12/2021;ETDH;Bienestar Social e Intelectual;50,00%;50,00;50,56%;50,56;Creciente;101,1%;101,1%;Sobresaliente;;;;;
Crecimiento de coberturas;31/12/2021;ETDH;Bienestar Social e Intelectual;51,09%;51,09;11,78%;11,78;Creciente;23,1%;23,1%;Incumple;;;;;
Penetración de uso en la población A y B;31/12/2021;ETDH;Bienestar Social e Intelectual;31,97%;31,97;32,37%;32,37;Creciente;101,3%;101,3%;Sobresaliente;;;;;
Crecimiento ingresos;31/12/2021;Desarrollo empresarial;Bienestar Social e Intelectual;15,9%;15,89;64,47%;64,47;Creciente;405,7%;120,0%;Sobresaliente;;;;;
Porcentaje de márgen de utilidad;31/12/2021;Desarrollo empresarial;Bienestar Social e Intelectual;14,46%;14,46;28,91%;28,91;Creciente;199,9%;120,0%;Sobresaliente;;;;;
Cumplimiento de presupuesto de egreso;31/12/2021;Desarrollo empresarial;Bienestar Social e Intelectual;100,00%;100,00;117,94%;117,94;Decreciente;82,1%;82,1%;Tolerable;;;;;
Satísfacción afiliados ;31/12/2021;Desarrollo empresarial;Bienestar Social e Intelectual; 4,65 ;4,65; 4,67 ;4,67;Creciente;100,4%;100,4%;Sobresaliente;;;;;
Percepción de bienestar generado por la Caja;31/12/2021;Desarrollo empresarial;Bienestar Social e Intelectual;50,00%;50,00;50,10%;50,10;Creciente;100,2%;100,2%;Sobresaliente;;;;;
Crecimiento de coberturas;31/12/2021;Desarrollo empresarial;Bienestar Social e Intelectual;94,00%;94,00;41,30%;41,30;Creciente;43,9%;43,9%;Incumple;;;;;
Penetración de uso en la población A y B;31/12/2021;Desarrollo empresarial;Bienestar Social e Intelectual;11,90%;11,90;12,44%;12,44;Creciente;104,5%;104,5%;Sobresaliente;;;;;
Crecimiento ingresos;31/12/2021;Cultura;Bienestar Social e Intelectual;-65,8%;-65,76;-51,61%;-51,61;Creciente;121,5%;120,0%;Sobresaliente;;;;;
Cumplimiento de presupuesto de egreso;31/12/2021;Cultura;Bienestar Social e Intelectual;100,00%;100,00;110,78%;110,78;Decreciente;89,2%;89,2%;Tolerable;;;;;
Porcentaje de egreso subsidiado;31/12/2021;Cultura;Bienestar Social e Intelectual;70,60%;70,60;62,49%;62,49;Decreciente;111,5%;111,5%;Sobresaliente;;;;;
Satísfacción afiliados ;31/12/2021;Cultura;Bienestar Social e Intelectual; 4,65 ;4,65; 4,74 ;4,74;Creciente;101,9%;101,9%;Sobresaliente;;;;;
Percepción de bienestar generado por la Caja;31/12/2021;Cultura;Bienestar Social e Intelectual;50,00%;50,00;55,89%;55,89;Creciente;111,8%;111,8%;Sobresaliente;;;;;
Crecimiento de coberturas;31/12/2021;Cultura;Bienestar Social e Intelectual;74,03%;74,03;85,11%;85,11;Creciente;115,0%;115,0%;Sobresaliente;;;;;
Penetración de uso en la población A y B;31/12/2021;Cultura;Bienestar Social e Intelectual;0,42%;0,42;0,43%;0,43;Creciente;102,4%;102,4%;Sobresaliente;;;;;
Crecimiento ingresos;31/12/2021;Bibliotecas;Bienestar Social e Intelectual;-9,6%;-9,59;152,45%;152,45;Creciente;206,3%;120,0%;Sobresaliente;;;;;
Cumplimiento de presupuesto de egreso;31/12/2021;Bibliotecas;Bienestar Social e Intelectual;100,00%;100,00;96,20%;96,20;Decreciente;103,8%;103,8%;Sobresaliente;;;;;
Porcentaje de egreso subsidiado;31/12/2021;Bibliotecas;Bienestar Social e Intelectual;96,19%;96,19;88,94%;88,94;Decreciente;107,5%;107,5%;Sobresaliente;;;;;
Satísfacción afiliados ;31/12/2021;Bibliotecas;Bienestar Social e Intelectual; 4,65 ;4,65; 4,81 ;4,81;Creciente;103,4%;103,4%;Sobresaliente;;;;;
Percepción de bienestar generado por la Caja;31/12/2021;Bibliotecas;Bienestar Social e Intelectual;50,00%;50,00;59,65%;59,65;Creciente;119,3%;119,3%;Sobresaliente;;;;;
Crecimiento de coberturas;31/12/2021;Bibliotecas;Bienestar Social e Intelectual;40,18%;40,18;-3,21%;-3,21;Creciente;-8,0%;0,0%;Incumple;;;;;Si es mas de 120 
Penetración de uso en la población A y B;31/12/2021;Bibliotecas;Bienestar Social e Intelectual;0,28%;0,28;0,36%;0,36;Creciente;128,6%;120,0%;Sobresaliente;;;;;si es negativo entonces 0
Crecimiento ingresos;31/12/2021;Desarrollo Humano;Bienestar Social e Intelectual;50,3%;50,27;35,47%;35,47;Creciente;70,6%;70,6%;Incumple;;;;;
Cumplimiento de presupuesto de egreso;31/12/2021;Desarrollo Humano;Bienestar Social e Intelectual;100,00%;100,00;113,55%;113,55;Decreciente;86,5%;86,5%;Tolerable;;;;;
Porcentaje de egreso subsidiado;31/12/2021;Desarrollo Humano;Bienestar Social e Intelectual;-0,98%;-0,98;19,82%;19,82;Decreciente;-2222,4%;0,0%;Incumple;;;;;
Satísfacción afiliados ;31/12/2021;Desarrollo Humano;Bienestar Social e Intelectual; 4,65 ;4,65; 4,75 ;4,75;Creciente;102,2%;102,2%;Sobresaliente;;;;;
Percepción de bienestar generado por la Caja;31/12/2021;Desarrollo Humano;Bienestar Social e Intelectual;50,00%;50,00;67,36%;67,36;Creciente;134,7%;120,0%;Sobresaliente;;;;;
Crecimiento de coberturas;31/12/2021;Desarrollo Humano;Bienestar Social e Intelectual;45,06%;45,06;-8,28%;-8,28;Creciente;-18,4%;0,0%;Incumple;;;;;
Penetración de uso en la población A y B;31/12/2021;Desarrollo Humano;Bienestar Social e Intelectual;15,65%;15,65;24,51%;24,51;Creciente;156,6%;120,0%;Sobresaliente;;;;;
Satísfacción afiliados ;31/12/2021;Empleo;Bienestar Social e Intelectual; 4,65 ;4,65; 4,29 ;4,29;Creciente;92,3%;92,3%;Tolerable;;;;;
Crecimiento de coberturas;31/12/2021;Empleo;Bienestar Social e Intelectual;-7,28%;-7,28;-2,77%;-2,77;Creciente;162,0%;120,0%;Sobresaliente;;;;;
Colocados vs Vacantes;31/12/2021;Empleo;Bienestar Social e Intelectual;62,0%;62,00;50,9%;50,87;Creciente;82,0%;82,0%;Tolerable;;;;;
Orientados vs Registados;31/12/2021;Empleo;Bienestar Social e Intelectual;71,0%;71,00;65,9%;65,94;Creciente;92,9%;92,9%;Tolerable;;;;;
Crecimiento ingresos;31/12/2021;Vivienda ;Bienestar Económico ;11%;11,17;24%;24,08;Creciente;215,6%;120,0%;Sobresaliente;;;;;
Porcentaje de márgen de utilidad;31/12/2021;Vivienda ;Bienestar Económico ;7,21%;7,21;-2%;-2,07;Creciente;-28,7%;0,0%;Incumple;;;;;
Cumplimiento de presupuesto de egreso;31/12/2021;Vivienda ;Bienestar Económico ;100%;100,00;123%;122,78;Decreciente;77,2%;77,2%;Incumple;;;;;
Satísfacción afiliados ;31/12/2021;Vivienda ;Bienestar Económico ; 4,65 ;4,65; 4,25 ;4,25;Creciente;91,4%;91,4%;Tolerable;;;;;
Percepción de bienestar generado por la Caja;31/12/2021;Vivienda ;Bienestar Económico ;50,00%;50,00;52,65%;52,65;Creciente;105,3%;105,3%;Sobresaliente;;;;;
Crecimiento de coberturas;31/12/2021;Vivienda ;Bienestar Económico ;47,46%;47,46;61,08%;61,08;Creciente;128,7%;120,0%;Sobresaliente;;;;;
Penetración de uso en la población A y B;31/12/2021;Vivienda ;Bienestar Económico ;90,96%;90,96;53,35%;53,35;Creciente;58,7%;58,7%;Incumple;;;;;
Crecimiento ingresos;31/12/2021;Servicios Financieros;Bienestar Económico ;8,43%;8,43;14,50%;14,50;Creciente;172,0%;120,0%;Sobresaliente;;;;;
Porcentaje de márgen de utilidad;31/12/2021;Servicios Financieros;Bienestar Económico ;36,72%;36,72;47,18%;47,18;Creciente;128,5%;120,0%;Sobresaliente;;;;;
Cumplimiento de presupuesto de egreso;31/12/2021;Servicios Financieros;Bienestar Económico ;100%;100,00;88,15%;88,15;Decreciente;111,9%;111,9%;Sobresaliente;;;;;
Satísfacción afiliados ;31/12/2021;Servicios Financieros;Bienestar Económico ; 4,65 ;4,65; 4,59 ;4,59;Creciente;98,7%;98,7%;Satisfactorio;;;;;
Percepción de bienestar generado por la Caja;31/12/2021;Servicios Financieros;Bienestar Económico ;50,00%;50,00;59,65%;59,65;Creciente;119,3%;119,3%;Sobresaliente;;;;;
Crecimiento de coberturas;31/12/2021;Servicios Financieros;Bienestar Económico ;19,89%;19,89;85,45%;85,45;Creciente;429,6%;120,0%;Sobresaliente;;;;;
Penetración de uso en la población A y B;31/12/2021;Servicios Financieros;Bienestar Económico ;99,08%;99,08;99,26%;99,26;Creciente;100,2%;100,2%;Sobresaliente;;;;;
Crecimiento ingresos;31/01/2022;Turismo;Bienestar Físico y Emocional;16,6%;16,60;20,59%;20,59;Creciente;124,0%;120,0%;Sobresaliente;;;;;
Porcentaje de márgen de utilidad;31/01/2022;Turismo;Bienestar Físico y Emocional;-67,01%;-67,01;-58,03%;-58,03;Creciente;113,4%;113,4%;Sobresaliente;;;;;
Cumplimiento de presupuesto de egreso cuentas fijas;31/01/2022;Turismo;Bienestar Físico y Emocional;100,00%;100,00;97,14%;97,14;Decreciente;102,9%;102,9%;Sobresaliente;;;;;
Porcentaje de egreso subsidiado;31/01/2022;Turismo;Bienestar Físico y Emocional;40,12%;40,12;36,72%;36,72;Decreciente;108,5%;108,5%;Sobresaliente;;;;;
Satísfacción afiliados ;31/01/2022;Turismo;Bienestar Físico y Emocional; 4,65 ;4,65; 4,49 ;4,49;Creciente;96,6%;96,6%;Satisfactorio;;;;;
Percepción de bienestar generado por la Caja;31/01/2022;Turismo;Bienestar Físico y Emocional;54,00%;54,00;64,82%;64,82;Creciente;120,0%;120,0%;Sobresaliente;;;;;
Crecimiento de coberturas;31/01/2022;Turismo;Bienestar Físico y Emocional;3,48%;3,48;5,49%;5,49;Creciente;157,8%;120,0%;Sobresaliente;;;;;
Penetración de uso en la población A y B;31/01/2022;Turismo;Bienestar Físico y Emocional;44,46%;44,46;37,10%;37,10;Creciente;83,4%;83,4%;Tolerable;;;;;
Crecimiento ingresos;31/01/2022;Hoteles;Bienestar Físico y Emocional;5,8%;5,78;16,29%;16,29;Creciente;281,8%;120,0%;Sobresaliente;;;;;
Cumplimiento de presupuesto de egreso cuentas fijas;31/01/2022;Hoteles;Bienestar Físico y Emocional;100,00%;100,00;97,81%;97,81;Decreciente;102,2%;102,2%;Sobresaliente;;;;;
Porcentaje de egreso subsidiado;31/01/2022;Hoteles;Bienestar Físico y Emocional;35,97%;35,97;36,64%;36,64;Decreciente;98,1%;98,1%;Satisfactorio;;;;;
Satísfacción afiliados ;31/01/2022;Hoteles;Bienestar Físico y Emocional; 4,65 ;4,65; 4,46 ;4,46;Creciente;95,9%;95,9%;Satisfactorio;;;;;
Percepción de bienestar generado por la Caja;31/01/2022;Hoteles;Bienestar Físico y Emocional;54,00%;54,00;61,63%;61,63;Creciente;114,1%;114,1%;Sobresaliente;;;;;
Crecimiento de coberturas;31/01/2022;Hoteles;Bienestar Físico y Emocional;5,99%;5,99;-0,03%;-0,03;Creciente;-0,5%;0,0%;Incumple;;;;;
Penetración de uso en la población A y B;31/01/2022;Hoteles;Bienestar Físico y Emocional;44,97%;44,97;38,70%;38,70;Creciente;86,1%;86,1%;Tolerable;;;;;
Crecimiento ingresos;31/01/2022;Agencia de Viajes;Bienestar Físico y Emocional;271,5%;271,52;201,20%;201,20;Creciente;74,1%;74,1%;Incumple;;;;;
Porcentaje de márgen de utilidad;31/01/2022;Agencia de Viajes;Bienestar Físico y Emocional;-38,1%;-38,14;-61,28%;-61,28;Creciente;39,3%;39,3%;Incumple;;;;;
Cumplimiento de presupuesto de egreso cuentas fijas;31/01/2022;Agencia de Viajes;Bienestar Físico y Emocional;100,00%;100,00;89,14%;89,14;Decreciente;110,9%;110,9%;Sobresaliente;;;;;
Satísfacción afiliados ;31/01/2022;Agencia de Viajes;Bienestar Físico y Emocional; 4,65 ;4,65; 4,70 ;4,70;Creciente;101,1%;101,1%;Sobresaliente;;;;;
Percepción de bienestar generado por la Caja;31/01/2022;Agencia de Viajes;Bienestar Físico y Emocional;54,00%;54,00;85,19%;85,19;Creciente;157,8%;120,0%;Sobresaliente;;;;;
Crecimiento de coberturas;31/01/2022;Agencia de Viajes;Bienestar Físico y Emocional;-39,49%;-39,49;100,15%;100,15;Creciente;239,4%;120,0%;Sobresaliente;;;;;
Penetración de uso en la población A y B;31/01/2022;Agencia de Viajes;Bienestar Físico y Emocional;29,06%;29,06;23,45%;23,45;Creciente;80,7%;80,7%;Tolerable;;;;;
Crecimiento ingresos;31/01/2022;Recreación y Deportes;Bienestar Físico y Emocional;27,0%;27,00;56,04%;56,04;Creciente;207,6%;120,0%;Sobresaliente;;;;;
Cumplimiento de presupuesto de egreso cuentas fijas;31/01/2022;Recreación y Deportes;Bienestar Físico y Emocional;100,00%;100,00;79,67%;79,67;Decreciente;120,3%;120,0%;Sobresaliente;;;;;
Porcentaje de egreso subsidiado;31/01/2022;Recreación y Deportes;Bienestar Físico y Emocional;67,36%;67,36;57,89%;57,89;Decreciente;114,1%;114,1%;Sobresaliente;;;;;
Satísfacción afiliados ;31/01/2022;Recreación y Deportes;Bienestar Físico y Emocional; 4,65 ;4,65; 4,48 ;4,48;Creciente;96,3%;96,3%;Satisfactorio;;;;;
Percepción de bienestar generado por la Caja;31/01/2022;Recreación y Deportes;Bienestar Físico y Emocional;54,00%;54,00;59,78%;59,78;Creciente;110,7%;110,7%;Sobresaliente;;;;;
Crecimiento de coberturas;31/01/2022;Recreación y Deportes;Bienestar Físico y Emocional;97,69%;97,69;174,96%;174,96;Creciente;179,1%;120,0%;Sobresaliente;;;;;
Penetración de uso en la población A y B;31/01/2022;Recreación y Deportes;Bienestar Físico y Emocional;32,84%;32,84;21,97%;21,97;Creciente;66,9%;66,9%;Incumple;;;;;
Crecimiento ingresos;31/01/2022;Alimentos y Bebidas;Bienestar Físico y Emocional;39,88%;39,88;42,13%;42,13;Creciente;105,6%;105,6%;Sobresaliente;;;;;
Porcentaje de márgen de utilidad;31/01/2022;Alimentos y Bebidas;Bienestar Físico y Emocional;2,89%;2,89;-2,32%;-2,32;Creciente;-80,3%;0,0%;Incumple;;;;;
Cumplimiento de presupuesto de egreso cuentas fijas;31/01/2022;Alimentos y Bebidas;Bienestar Físico y Emocional;100,00%;100,00;78,39%;78,39;Decreciente;121,6%;120,0%;Sobresaliente;;;;;
Crecimiento ingresos;31/01/2022;Fomento de la salud;Bienestar Físico y Emocional;79,2%;79,17;48,01%;48,01;Creciente;60,6%;60,6%;Incumple;;;;;
Cumplimiento de presupuesto de egreso cuentas fijas;31/01/2022;Fomento de la salud;Bienestar Físico y Emocional;100,00%;100,00;57,51%;57,51;Decreciente;142,5%;120,0%;Sobresaliente;;;;;
Porcentaje de egreso subsidiado;31/01/2022;Fomento de la salud;Bienestar Físico y Emocional;28,59%;28,59;41,41%;41,41;Decreciente;55,2%;55,2%;Incumple;;;;;
Satísfacción afiliados ;31/01/2022;Fomento de la salud;Bienestar Físico y Emocional; 4,65 ;4,65; 4,71 ;4,71;Creciente;101,3%;101,3%;Sobresaliente;;;;;
Percepción de bienestar generado por la Caja;31/01/2022;Fomento de la salud;Bienestar Físico y Emocional;54,00%;54,00;71,19%;71,19;Creciente;131,8%;120,0%;Sobresaliente;;;;;
Crecimiento de coberturas;31/01/2022;Fomento de la salud;Bienestar Físico y Emocional;13,72%;13,72;78,12%;78,12;Creciente;569,4%;120,0%;Sobresaliente;;;;;
Penetración de uso en la población A y B;31/01/2022;Fomento de la salud;Bienestar Físico y Emocional;3,62%;3,62;6,44%;6,44;Creciente;177,9%;120,0%;Sobresaliente;;;;;
Crecimiento ingresos;31/01/2022;Educación;Bienestar Social e Intelectual;21,7%;21,73;128,31%;128,31;Creciente;590,5%;120,0%;Sobresaliente;;;;;
Cumplimiento de presupuesto de egreso cuentas fijas;31/01/2022;Educación;Bienestar Social e Intelectual;100,00%;100,00;83,38%;83,38;Decreciente;116,6%;116,6%;Sobresaliente;;;;;
Porcentaje de egreso subsidiado;31/01/2022;Educación;Bienestar Social e Intelectual;62,07%;62,07;6,87%;6,87;Decreciente;188,9%;120,0%;Sobresaliente;;;;;
Satísfacción afiliados ;31/01/2022;Educación;Bienestar Social e Intelectual; 4,65 ;4,65; 4,68 ;4,68;Creciente;100,6%;100,6%;Sobresaliente;;;;;
Percepción de bienestar generado por la Caja;31/01/2022;Educación;Bienestar Social e Intelectual;54,00%;54,00;74,42%;74,42;Creciente;137,8%;120,0%;Sobresaliente;;;;;
Crecimiento de coberturas;31/01/2022;Educación;Bienestar Social e Intelectual;133,56%;133,56;107,93%;107,93;Creciente;80,8%;80,8%;Tolerable;;;;;
Penetración de uso en la población A y B;31/01/2022;Educación;Bienestar Social e Intelectual;28,62%;28,62;37,41%;37,41;Creciente;130,7%;120,0%;Sobresaliente;;;;;
Crecimiento ingresos;31/01/2022;Educación Formal;Bienestar Social e Intelectual;0,0%;0,00;0,00%;0,00;Creciente;N/A;120,0%;Sobresaliente;Meta rara;No se debe analizar se debe poner en contexto con la obligatoriedad y no como negocio ;;;
Cumplimiento de presupuesto de egreso;31/01/2022;Educación Formal;Bienestar Social e Intelectual;0,00%;0,00;0,00%;0,00;Decreciente;N/A;120,0%;Sobresaliente;Real desactualizado;;;;
Porcentaje de egreso subsidiado;31/01/2022;Educación Formal;Bienestar Social e Intelectual;0,00%;0,00;0,00%;0,00;Decreciente;N/A;120,0%;Sobresaliente;Meta rara;;;;
Satísfacción afiliados ;31/01/2022;Educación Formal;Bienestar Social e Intelectual; 4,65 ;4,65; -   ;0,00;Creciente;0,0%;0,0%;Incumple;Desactualizado (Mensual);;;;
Percepción de bienestar generado por la Caja;31/01/2022;Educación Formal;Bienestar Social e Intelectual;50,00%;50,00;0,00%;0,00;Creciente;0,0%;0,0%;Incumple;Desactualizado (No tiene dato para marzo);;;;
Crecimiento de coberturas;31/01/2022;Educación Formal;Bienestar Social e Intelectual;-74,32%;-74,32;-73,97%;-73,97;Creciente;100,5%;100,5%;Sobresaliente;;;;;
Penetración de uso en la población A y B;31/01/2022;Educación Formal;Bienestar Social e Intelectual;0,00%;0,00;0,00%;0,00;Creciente;N/A;120,0%;Sobresaliente;Meta rara;;;;
Crecimiento ingresos;31/01/2022;ETDH;Bienestar Social e Intelectual;62,2%;62,22;234,19%;234,19;Creciente;376,4%;120,0%;Sobresaliente;;;;;
Cumplimiento de presupuesto de egreso cuentas fijas;31/01/2022;ETDH;Bienestar Social e Intelectual;100,00%;100,00;81,45%;81,45;Decreciente;118,6%;118,6%;Sobresaliente;;;;;
Porcentaje de egreso subsidiado;31/01/2022;ETDH;Bienestar Social e Intelectual;59,92%;59,92;-4,07%;-4,07;Decreciente;1572,2%;120,0%;Sobresaliente;;;;;
Satísfacción afiliados ;31/01/2022;ETDH;Bienestar Social e Intelectual; 4,65 ;4,65; 4,56 ;4,56;Creciente;98,1%;98,1%;Satisfactorio;;;;;
Percepción de bienestar generado por la Caja;31/01/2022;ETDH;Bienestar Social e Intelectual;54,00%;54,00;73,21%;73,21;Creciente;135,6%;120,0%;Sobresaliente;;;;;
Crecimiento de coberturas;31/01/2022;ETDH;Bienestar Social e Intelectual;11,84%;11,84;86,84%;86,84;Creciente;733,4%;120,0%;Sobresaliente;;;;;
Penetración de uso en la población A y B;31/01/2022;ETDH;Bienestar Social e Intelectual;48,22%;48,22;37,96%;37,96;Creciente;78,7%;78,7%;Incumple;;;;;
Crecimiento ingresos;31/01/2022;Desarrollo empresarial;Bienestar Social e Intelectual;-33,4%;-33,42;15,93%;15,93;Creciente;409,8%;120,0%;Sobresaliente;;;;;
Porcentaje de márgen de utilidad;31/01/2022;Desarrollo empresarial;Bienestar Social e Intelectual;-210,64%;-210,64;-51,13%;-51,13;Creciente;175,7%;120,0%;Sobresaliente;;;;;
Cumplimiento de presupuesto de egreso cuentas fijas;31/01/2022;Desarrollo empresarial;Bienestar Social e Intelectual;100,00%;100,00;78,27%;78,27;Decreciente;121,7%;120,0%;Sobresaliente;;;;;
Satísfacción afiliados ;31/01/2022;Desarrollo empresarial;Bienestar Social e Intelectual; 4,65 ;4,65; 4,81 ;4,81;Creciente;103,4%;103,4%;Sobresaliente;;;;;
Percepción de bienestar generado por la Caja;31/01/2022;Desarrollo empresarial;Bienestar Social e Intelectual;54,00%;54,00;75,73%;75,73;Creciente;140,2%;120,0%;Sobresaliente;;;;;
Crecimiento de coberturas;31/01/2022;Desarrollo empresarial;Bienestar Social e Intelectual;640,48%;640,48;600,00%;600,00;Creciente;93,7%;93,7%;Tolerable;;;;;
Penetración de uso en la población A y B;31/01/2022;Desarrollo empresarial;Bienestar Social e Intelectual;28,62%;28,62;34,01%;34,01;Creciente;118,8%;118,8%;Sobresaliente;;;;;
Crecimiento ingresos;31/01/2022;Cultura;Bienestar Social e Intelectual;-56,8%;-56,84;287,02%;287,02;Creciente;219,8%;120,0%;Sobresaliente;;;;;
Cumplimiento de presupuesto de egreso cuentas fijas;31/01/2022;Cultura;Bienestar Social e Intelectual;100,00%;100,00;91,42%;91,42;Decreciente;108,6%;108,6%;Sobresaliente;;;;;
Porcentaje de egreso subsidiado;31/01/2022;Cultura;Bienestar Social e Intelectual;99,22%;99,22;91,90%;91,90;Decreciente;107,4%;107,4%;Sobresaliente;;;;;
Satísfacción afiliados ;31/01/2022;Cultura;Bienestar Social e Intelectual; 4,65 ;4,65; 4,77 ;4,77;Creciente;102,6%;102,6%;Sobresaliente;;;;;
Percepción de bienestar generado por la Caja;31/01/2022;Cultura;Bienestar Social e Intelectual;54,00%;54,00;78,46%;78,46;Creciente;145,3%;120,0%;Sobresaliente;;;;;
Crecimiento de coberturas;31/01/2022;Cultura;Bienestar Social e Intelectual;27,38%;27,38;41,62%;41,62;Creciente;152,0%;120,0%;Sobresaliente;;;;;
Penetración de uso en la población A y B;31/01/2022;Cultura;Bienestar Social e Intelectual;0,10%;0,10;0,30%;0,30;Creciente;300,0%;120,0%;Sobresaliente;;;;;
Crecimiento ingresos;31/01/2022;Bibliotecas;Bienestar Social e Intelectual;-100,0%;-100,00;2192,24%;2192,24;Creciente;204,6%;120,0%;Sobresaliente;;;;;
Cumplimiento de presupuesto de egreso cuentas fijas;31/01/2022;Bibliotecas;Bienestar Social e Intelectual;100,00%;100,00;84,90%;84,90;Decreciente;115,1%;115,1%;Sobresaliente;;;;;
Porcentaje de egreso subsidiado;31/01/2022;Bibliotecas;Bienestar Social e Intelectual;100,00%;100,00;96,61%;96,61;Decreciente;103,4%;103,4%;Sobresaliente;;;;;
Satísfacción afiliados ;31/01/2022;Bibliotecas;Bienestar Social e Intelectual; 4,65 ;4,65; 4,86 ;4,86;Creciente;104,5%;104,5%;Sobresaliente;;;;;
Percepción de bienestar generado por la Caja;31/01/2022;Bibliotecas;Bienestar Social e Intelectual;54,00%;54,00;75,86%;75,86;Creciente;140,5%;120,0%;Sobresaliente;;;;;
Crecimiento de coberturas;31/01/2022;Bibliotecas;Bienestar Social e Intelectual;9,12%;9,12;0,51%;0,51;Creciente;5,6%;5,6%;Incumple;;;;;
Penetración de uso en la población A y B;31/01/2022;Bibliotecas;Bienestar Social e Intelectual;0,14%;0,14;0,21%;0,21;Creciente;150,0%;120,0%;Sobresaliente;;;;;
Crecimiento ingresos;31/01/2022;Desarrollo Humano;Bienestar Social e Intelectual;40,7%;40,73;-15,41%;-15,41;Creciente;-37,8%;0,0%;Incumple;;;;;
Cumplimiento de presupuesto de egreso cuentas fijas;31/01/2022;Desarrollo Humano;Bienestar Social e Intelectual;100,00%;100,00;102,00%;102,00;Decreciente;98,0%;98,0%;Satisfactorio;;;;;
Porcentaje de egreso subsidiado;31/01/2022;Desarrollo Humano;Bienestar Social e Intelectual;58,05%;58,05;77,21%;77,21;Decreciente;67,0%;67,0%;Incumple;;;;;
Satísfacción afiliados ;31/01/2022;Desarrollo Humano;Bienestar Social e Intelectual; 4,65 ;4,65; 4,83 ;4,83;Creciente;103,9%;103,9%;Sobresaliente;;;;;
Percepción de bienestar generado por la Caja;31/01/2022;Desarrollo Humano;Bienestar Social e Intelectual;54,00%;54,00;75,22%;75,22;Creciente;139,3%;120,0%;Sobresaliente;;;;;
Crecimiento de coberturas;31/01/2022;Desarrollo Humano;Bienestar Social e Intelectual;2516,00%;2516,00;1748,00%;1748,00;Creciente;69,5%;69,5%;Incumple;;;;;
Penetración de uso en la población A y B;31/01/2022;Desarrollo Humano;Bienestar Social e Intelectual;52,29%;52,29;16,23%;16,23;Creciente;31,0%;31,0%;Incumple;;;;;
Percepción de bienestar generado por la Caja;31/01/2022;Empleo;Bienestar Social e Intelectual;54,00%;54,00;70,71%;70,71;Creciente;130,9%;120,0%;Sobresaliente;;;;;
Satísfacción afiliados ;31/01/2022;Empleo;Bienestar Social e Intelectual; 4,65 ;4,65; 4,63 ;4,63;Creciente;99,6%;99,6%;Satisfactorio;;;;;
Colocados vs Vacantes;31/01/2022;Empleo;Bienestar Social e Intelectual;52,0%;52,00;46,9%;46,90;Creciente;90,2%;90,2%;Tolerable;;;;;
Crecimiento de coberturas;31/01/2022;Empleo;Bienestar Social e Intelectual;-14,54%;-14,54;-23,56%;-23,56;Creciente;38,0%;38,0%;Incumple;;;;;
Cumplimiento personas formadas con recursos Fosfec;31/01/2022;Empleo;Bienestar Social e Intelectual;2077,00%;2077,00;62,69%;62,69;Creciente;3,0%;3,0%;Incumple;;;;;
Cumplimiento solicitudes radicadas para acceso al subsidio al desempleo;31/01/2022;Empleo;Bienestar Social e Intelectual;75,00%;75,00;49,00%;49,00;Creciente;65,3%;65,3%;Incumple;;;;;
Orientados vs Registados;31/01/2022;Empleo;Bienestar Social e Intelectual;0,0%;0,00;0,0%;0,00;Creciente;N/A;120,0%;Sobresaliente;;;;;
Crecimiento ingresos;31/01/2022;Vivienda ;Bienestar Económico ;-18%;-17,54;353%;352,66;Creciente;205,0%;120,0%;Sobresaliente;;;;;
Porcentaje de márgen de utilidad;31/01/2022;Vivienda ;Bienestar Económico ;-172,70%;-172,70;5,66%;5,66;Creciente;3251,2%;120,0%;Sobresaliente;;;;;
Cumplimiento de presupuesto de egreso cuentas fijas;31/01/2022;Vivienda ;Bienestar Económico ;100%;100,00;84%;83,51;Decreciente;116,5%;116,5%;Sobresaliente;;;;;
Satísfacción afiliados ;31/01/2022;Vivienda ;Bienestar Económico ; 4,65 ;4,65; 4,58 ;4,58;Creciente;98,5%;98,5%;Satisfactorio;;;;;
Percepción de bienestar generado por la Caja;31/01/2022;Vivienda ;Bienestar Económico ;54,00%;54,00;72,55%;72,55;Creciente;134,4%;120,0%;Sobresaliente;;;;;
Crecimiento de coberturas;31/01/2022;Vivienda ;Bienestar Económico ;-11,11%;-11,11;85,19%;85,19;Creciente;213,0%;120,0%;Sobresaliente;;;;;
Penetración de uso en la población A y B;31/01/2022;Vivienda ;Bienestar Económico ;75,00%;75,00;74,00%;74,00;Creciente;98,7%;98,7%;Satisfactorio;;;;;
Crecimiento ingresos;31/01/2022;Servicios Financieros;Bienestar Económico ;26,91%;26,91;19,66%;19,66;Creciente;73,1%;73,1%;Incumple;;;;;
Porcentaje de márgen de utilidad;31/01/2022;Servicios Financieros;Bienestar Económico ;16,19%;16,19;46,96%;46,96;Creciente;290,1%;120,0%;Sobresaliente;;;;;
Cumplimiento de presupuesto de egreso cuentas fijas;31/01/2022;Servicios Financieros;Bienestar Económico ;100%;100,00;53,76%;53,76;Decreciente;146,2%;120,0%;Sobresaliente;;;;;
Satísfacción afiliados ;31/01/2022;Servicios Financieros;Bienestar Económico ; 4,65 ;4,65; 4,60 ;4,60;Creciente;98,9%;98,9%;Satisfactorio;;;;;
Percepción de bienestar generado por la Caja;31/01/2022;Servicios Financieros;Bienestar Económico ;54,00%;54,00;57,45%;57,45;Creciente;106,4%;106,4%;Sobresaliente;;;;;
Crecimiento de coberturas;31/01/2022;Servicios Financieros;Bienestar Económico ;16,79%;16,79;65,14%;65,14;Creciente;388,0%;120,0%;Sobresaliente;;;;;
Penetración de uso en la población A y B;31/01/2022;Servicios Financieros;Bienestar Económico ;99,23%;99,23;99,36%;99,36;Creciente;100,1%;100,1%;Sobresaliente;;;;;
Crecimiento ingresos;28/02/2022;Turismo;Bienestar Físico y Emocional;6,9%;6,91;24,38%;24,38;Creciente;352,8%;120,0%;Sobresaliente;;;;;
Porcentaje de márgen de utilidad;28/02/2022;Turismo;Bienestar Físico y Emocional;-123,64%;-123,64;-76,31%;-76,31;Creciente;138,3%;120,0%;Sobresaliente;;;;;
Cumplimiento de presupuesto de egreso cuentas fijas;28/02/2022;Turismo;Bienestar Físico y Emocional;100,00%;100,00;81,92%;81,92;Decreciente;118,1%;118,1%;Sobresaliente;;;;;
Porcentaje de egreso subsidiado;28/02/2022;Turismo;Bienestar Físico y Emocional;55,28%;55,28;43,28%;43,28;Decreciente;121,7%;120,0%;Sobresaliente;;;;;
Satísfacción afiliados ;28/02/2022;Turismo;Bienestar Físico y Emocional; 4,65 ;4,65; 4,54 ;4,54;Creciente;97,6%;97,6%;Satisfactorio;;;;;
Percepción de bienestar generado por la Caja;28/02/2022;Turismo;Bienestar Físico y Emocional;54,00%;54,00;63,50%;63,50;Creciente;117,6%;117,6%;Sobresaliente;;;;;
Crecimiento de coberturas;28/02/2022;Turismo;Bienestar Físico y Emocional;3,64%;3,64;5,90%;5,90;Creciente;162,1%;120,0%;Sobresaliente;;;;;
Penetración de uso en la población A y B;28/02/2022;Turismo;Bienestar Físico y Emocional;42,95%;42,95;34,18%;34,18;Creciente;79,6%;79,6%;Incumple;;;;;
Crecimiento ingresos;28/02/2022;Hoteles;Bienestar Físico y Emocional;-5,9%;-5,91;18,11%;18,11;Creciente;232,6%;120,0%;Sobresaliente;;;;;
Cumplimiento de presupuesto de egreso cuentas fijas;28/02/2022;Hoteles;Bienestar Físico y Emocional;100,00%;100,00;82,19%;82,19;Decreciente;117,8%;117,8%;Sobresaliente;;;;;
Porcentaje de egreso subsidiado;28/02/2022;Hoteles;Bienestar Físico y Emocional;51,46%;51,46;44,19%;44,19;Decreciente;114,1%;114,1%;Sobresaliente;;;;;
Satísfacción afiliados ;28/02/2022;Hoteles;Bienestar Físico y Emocional; 4,65 ;4,65; 4,50 ;4,50;Creciente;96,8%;96,8%;Satisfactorio;;;;;
Percepción de bienestar generado por la Caja;28/02/2022;Hoteles;Bienestar Físico y Emocional;54,00%;54,00;62,25%;62,25;Creciente;115,3%;115,3%;Sobresaliente;;;;;
Crecimiento de coberturas;28/02/2022;Hoteles;Bienestar Físico y Emocional;2,80%;2,80;-1,99%;-1,99;Creciente;-71,1%;0,0%;Incumple;;;;;
Penetración de uso en la población A y B;28/02/2022;Hoteles;Bienestar Físico y Emocional;44,09%;44,09;35,77%;35,77;Creciente;81,1%;81,1%;Tolerable;;;;;
Crecimiento ingresos;28/02/2022;Agencia de Viajes;Bienestar Físico y Emocional;265,5%;265,52;237,30%;237,30;Creciente;89,4%;89,4%;Tolerable;;;;;
Porcentaje de márgen de utilidad;28/02/2022;Agencia de Viajes;Bienestar Físico y Emocional;-48,9%;-48,85;-42,08%;-42,08;Creciente;113,9%;113,9%;Sobresaliente;;;;;
Cumplimiento de presupuesto de egreso cuentas fijas;28/02/2022;Agencia de Viajes;Bienestar Físico y Emocional;100,00%;100,00;78,67%;78,67;Decreciente;121,3%;120,0%;Sobresaliente;;;;;
Satísfacción afiliados ;28/02/2022;Agencia de Viajes;Bienestar Físico y Emocional; 4,65 ;4,65; 4,77 ;4,77;Creciente;102,6%;102,6%;Sobresaliente;;;;;
Percepción de bienestar generado por la Caja;28/02/2022;Agencia de Viajes;Bienestar Físico y Emocional;54,00%;54,00;71,43%;71,43;Creciente;132,3%;120,0%;Sobresaliente;;;;;
Crecimiento de coberturas;28/02/2022;Agencia de Viajes;Bienestar Físico y Emocional;20,91%;20,91;167,70%;167,70;Creciente;802,0%;120,0%;Sobresaliente;;;;;
Penetración de uso en la población A y B;28/02/2022;Agencia de Viajes;Bienestar Físico y Emocional;23,03%;23,03;22,20%;22,20;Creciente;96,4%;96,4%;Satisfactorio;;;;;
Crecimiento ingresos;28/02/2022;Recreación y Deportes;Bienestar Físico y Emocional;78,8%;78,83;172,06%;172,06;Creciente;218,3%;120,0%;Sobresaliente;;;;;
Cumplimiento de presupuesto de egreso cuentas fijas;28/02/2022;Recreación y Deportes;Bienestar Físico y Emocional;100,00%;100,00;82,63%;82,63;Decreciente;117,4%;117,4%;Sobresaliente;;;;;
Porcentaje de egreso subsidiado;28/02/2022;Recreación y Deportes;Bienestar Físico y Emocional;70,17%;70,17;51,73%;51,73;Decreciente;126,3%;120,0%;Sobresaliente;;;;;
Satísfacción afiliados ;28/02/2022;Recreación y Deportes;Bienestar Físico y Emocional; 4,65 ;4,65; 4,55 ;4,55;Creciente;97,8%;97,8%;Satisfactorio;;;;;
Percepción de bienestar generado por la Caja;28/02/2022;Recreación y Deportes;Bienestar Físico y Emocional;54,00%;54,00;63,54%;63,54;Creciente;117,7%;117,7%;Sobresaliente;;;;;
Crecimiento de coberturas;28/02/2022;Recreación y Deportes;Bienestar Físico y Emocional;43,94%;43,94;114,87%;114,87;Creciente;261,4%;120,0%;Sobresaliente;;;;;
Penetración de uso en la población A y B;28/02/2022;Recreación y Deportes;Bienestar Físico y Emocional;30,60%;30,60;22,91%;22,91;Creciente;74,9%;74,9%;Incumple;;;;;
Crecimiento ingresos;28/02/2022;Alimentos y Bebidas;Bienestar Físico y Emocional;24,44%;24,44;46,97%;46,97;Creciente;192,2%;120,0%;Sobresaliente;;;;;
Porcentaje de márgen de utilidad;28/02/2022;Alimentos y Bebidas;Bienestar Físico y Emocional;-5,72%;-5,72;7,42%;7,42;Creciente;277,1%;120,0%;Sobresaliente;;;;;
Cumplimiento de presupuesto de egreso cuentas fijas;28/02/2022;Alimentos y Bebidas;Bienestar Físico y Emocional;100,00%;100,00;75,45%;75,45;Decreciente;124,6%;120,0%;Sobresaliente;;;;;
Crecimiento ingresos;28/02/2022;Fomento de la salud;Bienestar Físico y Emocional;51,7%;51,67;73,68%;73,68;Creciente;142,6%;120,0%;Sobresaliente;;;;;
Cumplimiento de presupuesto de egreso cuentas fijas;28/02/2022;Fomento de la salud;Bienestar Físico y Emocional;100,00%;100,00;58,35%;58,35;Decreciente;141,7%;120,0%;Sobresaliente;;;;;
Porcentaje de egreso subsidiado;28/02/2022;Fomento de la salud;Bienestar Físico y Emocional;28,83%;28,83;12,18%;12,18;Decreciente;157,8%;120,0%;Sobresaliente;;;;;
Satísfacción afiliados ;28/02/2022;Fomento de la salud;Bienestar Físico y Emocional; 4,65 ;4,65; 4,68 ;4,68;Creciente;100,6%;100,6%;Sobresaliente;;;;;
Percepción de bienestar generado por la Caja;28/02/2022;Fomento de la salud;Bienestar Físico y Emocional;54,00%;54,00;68,60%;68,60;Creciente;127,0%;120,0%;Sobresaliente;;;;;
Crecimiento de coberturas;28/02/2022;Fomento de la salud;Bienestar Físico y Emocional;18,90%;18,90;72,78%;72,78;Creciente;385,1%;120,0%;Sobresaliente;;;;;
Penetración de uso en la población A y B;28/02/2022;Fomento de la salud;Bienestar Físico y Emocional;9,59%;9,59;11,43%;11,43;Creciente;119,2%;119,2%;Sobresaliente;;;;;
Crecimiento ingresos;28/02/2022;Educación;Bienestar Social e Intelectual;167,3%;167,25;394,64%;394,64;Creciente;236,0%;120,0%;Sobresaliente;;;;;
Cumplimiento de presupuesto de egreso cuentas fijas;28/02/2022;Educación;Bienestar Social e Intelectual;100,00%;100,00;88,08%;88,08;Decreciente;111,9%;111,9%;Sobresaliente;;;;;
Porcentaje de egreso subsidiado;28/02/2022;Educación;Bienestar Social e Intelectual;38,51%;38,51;-41,52%;-41,52;Decreciente;192,8%;120,0%;Sobresaliente;;;;;
Satísfacción afiliados ;28/02/2022;Educación;Bienestar Social e Intelectual; 4,65 ;4,65; 4,77 ;4,77;Creciente;102,6%;102,6%;Sobresaliente;;;;;
Percepción de bienestar generado por la Caja;28/02/2022;Educación;Bienestar Social e Intelectual;54,00%;54,00;74,48%;74,48;Creciente;137,9%;120,0%;Sobresaliente;;;;;
Crecimiento de coberturas;28/02/2022;Educación;Bienestar Social e Intelectual;103,24%;103,24;114,83%;114,83;Creciente;111,2%;111,2%;Sobresaliente;;;;;
Penetración de uso en la población A y B;28/02/2022;Educación;Bienestar Social e Intelectual;24,22%;24,22;41,58%;41,58;Creciente;171,7%;120,0%;Sobresaliente;;;;;
Crecimiento ingresos;28/02/2022;Educación Formal;Bienestar Social e Intelectual;0,0%;0,00;0,00%;0,00;Creciente;N/A;120,0%;Sobresaliente;;;;;
Cumplimiento de presupuesto de egreso;28/02/2022;Educación Formal;Bienestar Social e Intelectual;0,00%;0,00;0,00%;0,00;Decreciente;N/A;120,0%;Sobresaliente;;;;;
Porcentaje de egreso subsidiado;28/02/2022;Educación Formal;Bienestar Social e Intelectual;0,00%;0,00;0,00%;0,00;Decreciente;N/A;120,0%;Sobresaliente;;;;;
Satísfacción afiliados ;28/02/2022;Educación Formal;Bienestar Social e Intelectual; 4,65 ;4,65; -   ;0,00;Creciente;0,0%;0,0%;Incumple;;;;;
Percepción de bienestar generado por la Caja;28/02/2022;Educación Formal;Bienestar Social e Intelectual;50,00%;50,00;0,00%;0,00;Creciente;0,0%;0,0%;Incumple;;;;;
Crecimiento de coberturas;28/02/2022;Educación Formal;Bienestar Social e Intelectual;-19,76%;-19,76;87,16%;87,16;Creciente;222,7%;120,0%;Sobresaliente;;;;;
Penetración de uso en la población A y B;28/02/2022;Educación Formal;Bienestar Social e Intelectual;0,00%;0,00;0,00%;0,00;Creciente;N/A;120,0%;Sobresaliente;;;;;
Crecimiento ingresos;28/02/2022;ETDH;Bienestar Social e Intelectual;206,9%;206,94;576,94%;576,94;Creciente;278,8%;120,0%;Sobresaliente;;;;;
Cumplimiento de presupuesto de egreso cuentas fijas;28/02/2022;ETDH;Bienestar Social e Intelectual;100,00%;100,00;87,33%;87,33;Decreciente;112,7%;112,7%;Sobresaliente;;;;;
Porcentaje de egreso subsidiado;28/02/2022;ETDH;Bienestar Social e Intelectual;40,03%;40,03;-61,39%;-61,39;Decreciente;165,2%;120,0%;Sobresaliente;;;;;
Satísfacción afiliados ;28/02/2022;ETDH;Bienestar Social e Intelectual; 4,65 ;4,65; 4,77 ;4,77;Creciente;102,6%;102,6%;Sobresaliente;;;;;
Percepción de bienestar generado por la Caja;28/02/2022;ETDH;Bienestar Social e Intelectual;54,00%;54,00;79,68%;79,68;Creciente;147,6%;120,0%;Sobresaliente;;;;;
Crecimiento de coberturas;28/02/2022;ETDH;Bienestar Social e Intelectual;120,85%;120,85;120,53%;120,53;Creciente;99,7%;99,7%;Satisfactorio;;;;;
Penetración de uso en la población A y B;28/02/2022;ETDH;Bienestar Social e Intelectual;38,81%;38,81;46,41%;46,41;Creciente;119,6%;119,6%;Sobresaliente;;;;;
Crecimiento ingresos;28/02/2022;Desarrollo empresarial;Bienestar Social e Intelectual;98,3%;98,33;77,88%;77,88;Creciente;79,2%;79,2%;Incumple;;;;;
Porcentaje de márgen de utilidad;28/02/2022;Desarrollo empresarial;Bienestar Social e Intelectual;-51,49%;-51,49;-19,68%;-19,68;Creciente;161,8%;120,0%;Sobresaliente;;;;;
Cumplimiento de presupuesto de egreso cuentas fijas;28/02/2022;Desarrollo empresarial;Bienestar Social e Intelectual;100,00%;100,00;;0,00;Decreciente;200,0%;120,0%;Sobresaliente;;;;;
Satísfacción afiliados ;28/02/2022;Desarrollo empresarial;Bienestar Social e Intelectual; 4,65 ;4,65; 4,77 ;4,77;Creciente;102,6%;102,6%;Sobresaliente;;;;;
Percepción de bienestar generado por la Caja;28/02/2022;Desarrollo empresarial;Bienestar Social e Intelectual;54,00%;54,00;68,76%;68,76;Creciente;127,3%;120,0%;Sobresaliente;;;;;
Crecimiento de coberturas;28/02/2022;Desarrollo empresarial;Bienestar Social e Intelectual;964,10%;964,10;1446,15%;1446,15;Creciente;150,0%;120,0%;Sobresaliente;;;;;
Penetración de uso en la población A y B;28/02/2022;Desarrollo empresarial;Bienestar Social e Intelectual;24,22%;24,22;19,07%;19,07;Creciente;78,7%;78,7%;Incumple;;;;;
Crecimiento ingresos;28/02/2022;Cultura;Bienestar Social e Intelectual;2,6%;2,64;340,24%;340,24;Creciente;12887,9%;120,0%;Sobresaliente;;;;;
Cumplimiento de presupuesto de egreso cuentas fijas;28/02/2022;Cultura;Bienestar Social e Intelectual;100,00%;100,00;93,94%;93,94;Decreciente;106,1%;106,1%;Sobresaliente;;;;;
Porcentaje de egreso subsidiado;28/02/2022;Cultura;Bienestar Social e Intelectual;97,04%;97,04;85,43%;85,43;Decreciente;112,0%;112,0%;Sobresaliente;;;;;
Satísfacción afiliados ;28/02/2022;Cultura;Bienestar Social e Intelectual; 4,65 ;4,65; 4,70 ;4,70;Creciente;101,1%;101,1%;Sobresaliente;;;;;
Percepción de bienestar generado por la Caja;28/02/2022;Cultura;Bienestar Social e Intelectual;54,00%;54,00;71,79%;71,79;Creciente;132,9%;120,0%;Sobresaliente;;;;;
Crecimiento de coberturas;28/02/2022;Cultura;Bienestar Social e Intelectual;-25,38%;-25,38;-26,66%;-26,66;Creciente;95,0%;95,0%;Tolerable;;;;;
Penetración de uso en la población A y B;28/02/2022;Cultura;Bienestar Social e Intelectual;0,16%;0,16;0,41%;0,41;Creciente;256,3%;120,0%;Sobresaliente;;;;;
Crecimiento ingresos;28/02/2022;Bibliotecas;Bienestar Social e Intelectual;-21,4%;-21,35;82,56%;82,56;Creciente;225,9%;120,0%;Sobresaliente;;;;;
Cumplimiento de presupuesto de egreso cuentas fijas;28/02/2022;Bibliotecas;Bienestar Social e Intelectual;100,00%;100,00;110,41%;110,41;Decreciente;89,6%;89,6%;Tolerable;;;;;
Porcentaje de egreso subsidiado;28/02/2022;Bibliotecas;Bienestar Social e Intelectual;99,06%;99,06;97,81%;97,81;Decreciente;101,3%;101,3%;Sobresaliente;;;;;
Satísfacción afiliados ;28/02/2022;Bibliotecas;Bienestar Social e Intelectual; 4,65 ;4,65; 4,81 ;4,81;Creciente;103,4%;103,4%;Sobresaliente;;;;;
Percepción de bienestar generado por la Caja;28/02/2022;Bibliotecas;Bienestar Social e Intelectual;54,00%;54,00;68,25%;68,25;Creciente;126,4%;120,0%;Sobresaliente;;;;;
Crecimiento de coberturas;28/02/2022;Bibliotecas;Bienestar Social e Intelectual;9,23%;9,23;12,27%;12,27;Creciente;132,9%;120,0%;Sobresaliente;;;;;
Penetración de uso en la población A y B;28/02/2022;Bibliotecas;Bienestar Social e Intelectual;0,18%;0,18;0,34%;0,34;Creciente;188,9%;120,0%;Sobresaliente;;;;;
Crecimiento ingresos;28/02/2022;Desarrollo Humano;Bienestar Social e Intelectual;229,4%;229,35;68,61%;68,61;Creciente;29,9%;29,9%;Incumple;;;;;
Cumplimiento de presupuesto de egreso cuentas fijas;28/02/2022;Desarrollo Humano;Bienestar Social e Intelectual;100,00%;100,00;93,79%;93,79;Decreciente;106,2%;106,2%;Sobresaliente;;;;;
Porcentaje de egreso subsidiado;28/02/2022;Desarrollo Humano;Bienestar Social e Intelectual;39,66%;39,66;66,69%;66,69;Decreciente;31,8%;31,8%;Incumple;;;;;
Satísfacción afiliados ;28/02/2022;Desarrollo Humano;Bienestar Social e Intelectual; 4,65 ;4,65; 4,80 ;4,80;Creciente;103,2%;103,2%;Sobresaliente;;;;;
Percepción de bienestar generado por la Caja;28/02/2022;Desarrollo Humano;Bienestar Social e Intelectual;54,00%;54,00;74,31%;74,31;Creciente;137,6%;120,0%;Sobresaliente;;;;;
Crecimiento de coberturas;28/02/2022;Desarrollo Humano;Bienestar Social e Intelectual;2407,69%;2407,69;1584,62%;1584,62;Creciente;65,8%;65,8%;Incumple;;;;;
Penetración de uso en la población A y B;28/02/2022;Desarrollo Humano;Bienestar Social e Intelectual;41,15%;41,15;26,61%;26,61;Creciente;64,7%;64,7%;Incumple;;;;;
Percepción de bienestar generado por la Caja;28/02/2022;Empleo;Bienestar Social e Intelectual;54,00%;54,00;69,92%;69,92;Creciente;129,5%;120,0%;Sobresaliente;;;;;
Satísfacción afiliados ;28/02/2022;Empleo;Bienestar Social e Intelectual; 4,65 ;4,65; 4,57 ;4,57;Creciente;98,3%;98,3%;Satisfactorio;;;;;
Colocados vs Vacantes;28/02/2022;Empleo;Bienestar Social e Intelectual;52,0%;52,00;49,1%;49,14;Creciente;94,5%;94,5%;Tolerable;;;;;
Crecimiento de coberturas;28/02/2022;Empleo;Bienestar Social e Intelectual;-44,95%;-44,95;-20,20%;-20,20;Creciente;155,1%;120,0%;Sobresaliente;;;;;
Cumplimiento personas formadas con recursos Fosfec;28/02/2022;Empleo;Bienestar Social e Intelectual;4153,00%;4153,00;72,24%;72,24;Creciente;1,7%;1,7%;Incumple;;;;;
Cumplimiento solicitudes radicadas para acceso al subsidio al desempleo;28/02/2022;Empleo;Bienestar Social e Intelectual;75,00%;75,00;56,00%;56,00;Creciente;74,7%;74,7%;Incumple;;;;;
Orientados vs Registados;28/02/2022;Empleo;Bienestar Social e Intelectual;0,0%;0,00;0,0%;0,00;Creciente;N/A;120,0%;Sobresaliente;;;;;
Crecimiento ingresos;28/02/2022;Vivienda ;Bienestar Económico ;9,35%;9,35;1,81%;1,81;Creciente;19,4%;19,4%;Incumple;;;;;
Porcentaje de márgen de utilidad;28/02/2022;Vivienda ;Bienestar Económico ;-11,58%;-11,58;0,35%;0,35;Creciente;3508,6%;120,0%;Sobresaliente;;;;;
Cumplimiento de presupuesto de egreso cuentas fijas;28/02/2022;Vivienda ;Bienestar Económico ;100,00%;100,00;82,81%;82,81;Decreciente;117,2%;117,2%;Sobresaliente;;;;;
Satísfacción afiliados ;28/02/2022;Vivienda ;Bienestar Económico ; 4,65 ;4,65; 4,55 ;4,55;Creciente;97,8%;97,8%;Satisfactorio;;;;;
Percepción de bienestar generado por la Caja;28/02/2022;Vivienda ;Bienestar Económico ;54,00%;54,00;73,28%;73,28;Creciente;135,7%;120,0%;Sobresaliente;;;;;
Crecimiento de coberturas;28/02/2022;Vivienda ;Bienestar Económico ;41,38%;41,38;-3,45%;-3,45;Creciente;-8,3%;0,0%;Incumple;;;;;
Penetración de uso en la población A y B;28/02/2022;Vivienda ;Bienestar Económico ;65,04%;65,04;73,81%;73,81;Creciente;113,5%;113,5%;Sobresaliente;;;;;
Crecimiento ingresos;28/02/2022;Servicios Financieros;Bienestar Económico ;22,57%;22,57;20,94%;20,94;Creciente;92,8%;92,8%;Tolerable;;;;;
Porcentaje de márgen de utilidad;28/02/2022;Servicios Financieros;Bienestar Económico ;28,73%;28,73;50,18%;50,18;Creciente;174,7%;120,0%;Sobresaliente;;;;;
Cumplimiento de presupuesto de egreso cuentas fijas;28/02/2022;Servicios Financieros;Bienestar Económico ;100%;100,00;64,60%;64,60;Decreciente;135,4%;120,0%;Sobresaliente;;;;;
Satísfacción afiliados ;28/02/2022;Servicios Financieros;Bienestar Económico ; 4,65 ;4,65; 4,65 ;4,65;Creciente;100,0%;100,0%;Sobresaliente;;;;;
Percepción de bienestar generado por la Caja;28/02/2022;Servicios Financieros;Bienestar Económico ;54,00%;54,00;61,67%;61,67;Creciente;114,2%;114,2%;Sobresaliente;;;;;
Crecimiento de coberturas;28/02/2022;Servicios Financieros;Bienestar Económico ;16,53%;16,53;44,27%;44,27;Creciente;267,8%;120,0%;Sobresaliente;;;;;
Penetración de uso en la población A y B;28/02/2022;Servicios Financieros;Bienestar Económico ;99,26%;99,26;99,31%;99,31;Creciente;100,1%;100,1%;Sobresaliente;;;;;
Crecimiento ingresos;31/03/2022;Turismo;Bienestar Físico y Emocional;1,47%;1,47;21,55%;21,55;Creciente;1466,0%;120,0%;Sobresaliente;;;;;
Porcentaje de márgen de utilidad;31/03/2022;Turismo;Bienestar Físico y Emocional;-125,10%;-125,10;-71,83%;-71,83;Creciente;142,6%;120,0%;Sobresaliente;;;;;
Cumplimiento de presupuesto de egreso cuentas fijas;31/03/2022;Turismo;Bienestar Físico y Emocional;100,00%;100,00;81,19%;81,19;Decreciente;118,8%;118,8%;Sobresaliente;;;;;
Porcentaje de egreso subsidiado;31/03/2022;Turismo;Bienestar Físico y Emocional;55,58%;55,58;41,80%;41,80;Decreciente;124,8%;120,0%;Sobresaliente;;;;;
Satísfacción afiliados ;31/03/2022;Turismo;Bienestar Físico y Emocional; 4,65 ;4,65; 4,62 ;4,62;Creciente;99,4%;99,4%;Satisfactorio;;;;;
Percepción de bienestar generado por la Caja;31/03/2022;Turismo;Bienestar Físico y Emocional;54,00%;54,00;71,38%;71,38;Creciente;132,2%;120,0%;Sobresaliente;;;;;
Crecimiento de coberturas;31/03/2022;Turismo;Bienestar Físico y Emocional;12,69%;12,69;15,50%;15,50;Creciente;122,1%;120,0%;Sobresaliente;;;;;
Penetración de uso en la población A y B;31/03/2022;Turismo;Bienestar Físico y Emocional;40,37%;40,37;33,70%;33,70;Creciente;83,5%;83,5%;Tolerable;;;;;
Crecimiento ingresos;31/03/2022;Hoteles;Bienestar Físico y Emocional;-13,0%;-13,01;13,95%;13,95;Creciente;293,3%;120,0%;Sobresaliente;;;;;
Cumplimiento de presupuesto de egreso cuentas fijas;31/03/2022;Hoteles;Bienestar Físico y Emocional;100,00%;100,00;81,87%;81,87;Decreciente;118,1%;118,1%;Sobresaliente;;;;;
Porcentaje de egreso subsidiado;31/03/2022;Hoteles;Bienestar Físico y Emocional;52,89%;52,89;43,90%;43,90;Decreciente;117,0%;117,0%;Sobresaliente;;;;;
Satísfacción afiliados ;31/03/2022;Hoteles;Bienestar Físico y Emocional; 4,65 ;4,65; 4,61 ;4,61;Creciente;99,1%;99,1%;Satisfactorio;;;;;
Percepción de bienestar generado por la Caja;31/03/2022;Hoteles;Bienestar Físico y Emocional;54,00%;54,00;70,67%;70,67;Creciente;130,9%;120,0%;Sobresaliente;;;;;
Crecimiento de coberturas;31/03/2022;Hoteles;Bienestar Físico y Emocional;6,43%;6,43;4,20%;4,20;Creciente;65,3%;65,3%;Incumple;;;;;
Penetración de uso en la población A y B;31/03/2022;Hoteles;Bienestar Físico y Emocional;43,33%;43,33;36,11%;36,11;Creciente;83,3%;83,3%;Tolerable;;;;;
Crecimiento ingresos;31/03/2022;Agencia de Viajes;Bienestar Físico y Emocional;219,2%;219,20;250,14%;250,14;Creciente;114,1%;114,1%;Sobresaliente;;;;;
Porcentaje de márgen de utilidad;31/03/2022;Agencia de Viajes;Bienestar Físico y Emocional;-47,72%;-47,72;-9,04%;-9,04;Creciente;181,1%;120,0%;Sobresaliente;;;;;
Cumplimiento de presupuesto de egreso cuentas fijas;31/03/2022;Agencia de Viajes;Bienestar Físico y Emocional;100,00%;100,00;73,25%;73,25;Decreciente;126,8%;120,0%;Sobresaliente;;;;;
Satísfacción afiliados ;31/03/2022;Agencia de Viajes;Bienestar Físico y Emocional; 4,65 ;4,65; 4,71 ;4,71;Creciente;101,3%;101,3%;Sobresaliente;;;;;
Percepción de bienestar generado por la Caja;31/03/2022;Agencia de Viajes;Bienestar Físico y Emocional;54,00%;54,00;76,25%;76,25;Creciente;141,2%;120,0%;Sobresaliente;;;;;
Crecimiento de coberturas;31/03/2022;Agencia de Viajes;Bienestar Físico y Emocional;138,51%;138,51;242,92%;242,92;Creciente;175,4%;120,0%;Sobresaliente;;;;;
Penetración de uso en la población A y B;31/03/2022;Agencia de Viajes;Bienestar Físico y Emocional;13,81%;13,81;18,98%;18,98;Creciente;137,4%;120,0%;Sobresaliente;;;;;
Crecimiento ingresos;31/03/2022;Recreación y Deportes;Bienestar Físico y Emocional;69,5%;69,46;149,57%;149,57;Creciente;215,3%;120,0%;Sobresaliente;;;;;
Cumplimiento de presupuesto de egreso cuentas fijas;31/03/2022;Recreación y Deportes;Bienestar Físico y Emocional;100,00%;100,00;76,83%;76,83;Decreciente;123,2%;120,0%;Sobresaliente;;;;;
Porcentaje de egreso subsidiado;31/03/2022;Recreación y Deportes;Bienestar Físico y Emocional;66,21%;66,21;47,02%;47,02;Decreciente;129,0%;120,0%;Sobresaliente;;;;;
Satísfacción afiliados ;31/03/2022;Recreación y Deportes;Bienestar Físico y Emocional; 4,65 ;4,65; 4,61 ;4,61;Creciente;99,1%;99,1%;Satisfactorio;;;;;
Percepción de bienestar generado por la Caja;31/03/2022;Recreación y Deportes;Bienestar Físico y Emocional;54,00%;54,00;69,51%;69,51;Creciente;128,7%;120,0%;Sobresaliente;;;;;
Crecimiento de coberturas;31/03/2022;Recreación y Deportes;Bienestar Físico y Emocional;38,20%;38,20;87,84%;87,84;Creciente;229,9%;120,0%;Sobresaliente;;;;;
Penetración de uso en la población A y B;31/03/2022;Recreación y Deportes;Bienestar Físico y Emocional;27,78%;27,78;29,12%;29,12;Creciente;104,8%;104,8%;Sobresaliente;;;;;
Crecimiento ingresos;31/03/2022;Alimentos y Bebidas;Bienestar Físico y Emocional;15,46%;15,46;41,47%;41,47;Creciente;268,2%;120,0%;Sobresaliente;;;;;
Porcentaje de márgen de utilidad;31/03/2022;Alimentos y Bebidas;Bienestar Físico y Emocional;-4,67%;-4,67;11,15%;11,15;Creciente;241,9%;120,0%;Sobresaliente;;;;;
Cumplimiento de presupuesto de egreso cuentas fijas;31/03/2022;Alimentos y Bebidas;Bienestar Físico y Emocional;100,00%;100,00;76,66%;76,66;Decreciente;123,3%;120,0%;Sobresaliente;;;;;
Crecimiento ingresos;31/03/2022;Fomento de la salud;Bienestar Físico y Emocional;35,6%;35,63;84,22%;84,22;Creciente;236,4%;120,0%;Sobresaliente;;;;;
Cumplimiento de presupuesto de egreso cuentas fijas;31/03/2022;Fomento de la salud;Bienestar Físico y Emocional;100,00%;100,00;60,63%;60,63;Decreciente;139,4%;120,0%;Sobresaliente;;;;;
Porcentaje de egreso subsidiado;31/03/2022;Fomento de la salud;Bienestar Físico y Emocional;27,47%;27,47;14,65%;14,65;Decreciente;146,7%;120,0%;Sobresaliente;;;;;
Satísfacción afiliados ;31/03/2022;Fomento de la salud;Bienestar Físico y Emocional; 4,65 ;4,65; 4,55 ;4,55;Creciente;97,8%;97,8%;Satisfactorio;;;;;
Percepción de bienestar generado por la Caja;31/03/2022;Fomento de la salud;Bienestar Físico y Emocional;54,00%;54,00;66,40%;66,40;Creciente;123,0%;120,0%;Sobresaliente;;;;;
Crecimiento de coberturas;31/03/2022;Fomento de la salud;Bienestar Físico y Emocional;20,40%;20,40;64,14%;64,14;Creciente;314,4%;120,0%;Sobresaliente;;;;;
Penetración de uso en la población A y B;31/03/2022;Fomento de la salud;Bienestar Físico y Emocional;9,33%;9,33;13,59%;13,59;Creciente;145,7%;120,0%;Sobresaliente;;;;;
Crecimiento ingresos;31/03/2022;Educación;Bienestar Social e Intelectual;105,96%;105,96;242,39%;242,39;Creciente;228,8%;120,0%;Sobresaliente;;;;;
Cumplimiento de presupuesto de egreso cuentas fijas;31/03/2022;Educación;Bienestar Social e Intelectual;100,00%;100,00;86,96%;86,96;Decreciente;113,0%;113,0%;Sobresaliente;;;;;
Porcentaje de egreso subsidiado;31/03/2022;Educación;Bienestar Social e Intelectual;27,51%;27,51;2,46%;2,46;Decreciente;191,1%;120,0%;Sobresaliente;;;;;
Satísfacción afiliados ;31/03/2022;Educación;Bienestar Social e Intelectual; 4,65 ;4,65; 4,81 ;4,81;Creciente;103,4%;103,4%;Sobresaliente;;;;;
Percepción de bienestar generado por la Caja;31/03/2022;Educación;Bienestar Social e Intelectual;54,00%;54,00;75,76%;75,76;Creciente;140,3%;120,0%;Sobresaliente;;;;;
Crecimiento de coberturas;31/03/2022;Educación;Bienestar Social e Intelectual;69,77%;69,77;113,11%;113,11;Creciente;162,1%;120,0%;Sobresaliente;;;;;
Penetración de uso en la población A y B;31/03/2022;Educación;Bienestar Social e Intelectual;20,29%;20,29;32,82%;32,82;Creciente;161,8%;120,0%;Sobresaliente;;;;;
Crecimiento ingresos;31/03/2022;Educación Formal;Bienestar Social e Intelectual;-1,0%;-1,00;-100,00%;-100,00;Creciente;-9800,0%;0,0%;Incumple;;;;;
Cumplimiento de presupuesto de egreso cuentas fijas;31/03/2022;Educación Formal;Bienestar Social e Intelectual;100,00%;100,00;106,34%;106,34;Decreciente;93,7%;93,7%;Tolerable;;;;;
Porcentaje de egreso subsidiado;31/03/2022;Educación Formal;Bienestar Social e Intelectual;1,00%;1,00;100,00%;100,00;Decreciente;-9800,0%;0,0%;Incumple;;;;;
Satísfacción afiliados ;31/03/2022;Educación Formal;Bienestar Social e Intelectual; 4,65 ;4,65; 4,72 ;4,72;Creciente;101,5%;101,5%;Sobresaliente;;;;;
Percepción de bienestar generado por la Caja;31/03/2022;Educación Formal;Bienestar Social e Intelectual;50,00%;50,00;55,59%;55,59;Creciente;111,2%;111,2%;Sobresaliente;;;;;
Crecimiento de coberturas;31/03/2022;Educación Formal;Bienestar Social e Intelectual;-100,00%;-100,00;-91,47%;-91,47;Creciente;108,5%;108,5%;Sobresaliente;;;;;
Penetración de uso en la población A y B;31/03/2022;Educación Formal;Bienestar Social e Intelectual;-1,00%;-1,00;0,00%;0,00;Creciente;N/A;120,0%;Sobresaliente;;;;;
Crecimiento ingresos;31/03/2022;ETDH;Bienestar Social e Intelectual;119,3%;119,34;333,60%;333,60;Creciente;279,5%;120,0%;Sobresaliente;;;;;
Cumplimiento de presupuesto de egreso cuentas fijas;31/03/2022;ETDH;Bienestar Social e Intelectual;100,00%;100,00;87,23%;87,23;Decreciente;112,8%;112,8%;Sobresaliente;;;;;
Porcentaje de egreso subsidiado;31/03/2022;ETDH;Bienestar Social e Intelectual;32,21%;32,21;1,69%;1,69;Decreciente;194,8%;120,0%;Sobresaliente;;;;;
Satísfacción afiliados ;31/03/2022;ETDH;Bienestar Social e Intelectual; 4,65 ;4,65; 4,80 ;4,80;Creciente;103,2%;103,2%;Sobresaliente;;;;;
Percepción de bienestar generado por la Caja;31/03/2022;ETDH;Bienestar Social e Intelectual;54,00%;54,00;79,26%;79,26;Creciente;146,8%;120,0%;Sobresaliente;;;;;
Crecimiento de coberturas;31/03/2022;ETDH;Bienestar Social e Intelectual;89,48%;89,48;124,06%;124,06;Creciente;138,6%;120,0%;Sobresaliente;;;;;
Penetración de uso en la población A y B;31/03/2022;ETDH;Bienestar Social e Intelectual;33,67%;33,67;37,81%;37,81;Creciente;112,3%;112,3%;Sobresaliente;;;;;
Crecimiento ingresos;31/03/2022;Desarrollo empresarial;Bienestar Social e Intelectual;84,43%;84,43;62,84%;62,84;Creciente;74,4%;74,4%;Incumple;;;;;
Porcentaje de márgen de utilidad;31/03/2022;Desarrollo empresarial;Bienestar Social e Intelectual;-14,19%;-14,19;-5,43%;-5,43;Creciente;161,7%;120,0%;Sobresaliente;;;;;
Cumplimiento de presupuesto de egreso cuentas fijas;31/03/2022;Desarrollo empresarial;Bienestar Social e Intelectual;100,00%;100,00;83,66%;83,66;Decreciente;116,3%;116,3%;Sobresaliente;;;;;
Satísfacción afiliados ;31/03/2022;Desarrollo empresarial;Bienestar Social e Intelectual; 4,65 ;4,65; 4,81 ;4,81;Creciente;103,4%;103,4%;Sobresaliente;;;;;
Percepción de bienestar generado por la Caja;31/03/2022;Desarrollo empresarial;Bienestar Social e Intelectual;54,00%;54,00;73,10%;73,10;Creciente;135,4%;120,0%;Sobresaliente;;;;;
Crecimiento de coberturas;31/03/2022;Desarrollo empresarial;Bienestar Social e Intelectual;76,45%;76,45;182,15%;182,15;Creciente;238,3%;120,0%;Sobresaliente;;;;;
Penetración de uso en la población A y B;31/03/2022;Desarrollo empresarial;Bienestar Social e Intelectual;20,29%;20,29;14,67%;14,67;Creciente;72,3%;72,3%;Incumple;;;;;
Crecimiento ingresos;31/03/2022;Cultura;Bienestar Social e Intelectual;-67%;-67,32;36%;35,89;Creciente;387,6%;120,0%;Sobresaliente;;;;;
Cumplimiento de presupuesto de egreso cuentas fijas;31/03/2022;Cultura;Bienestar Social e Intelectual;100,00%;100,00;93,53%;93,53;Decreciente;106,5%;106,5%;Sobresaliente;;;;;
Porcentaje de egreso subsidiado;31/03/2022;Cultura;Bienestar Social e Intelectual;96,01%;96,01;81,39%;81,39;Decreciente;115,2%;115,2%;Sobresaliente;;;;;
Satísfacción afiliados ;31/03/2022;Cultura;Bienestar Social e Intelectual; 4,65 ;4,65; 4,76 ;4,76;Creciente;102,4%;102,4%;Sobresaliente;;;;;
Percepción de bienestar generado por la Caja;31/03/2022;Cultura;Bienestar Social e Intelectual;54,00%;54,00;71,82%;71,82;Creciente;133,0%;120,0%;Sobresaliente;;;;;
Crecimiento de coberturas;31/03/2022;Cultura;Bienestar Social e Intelectual;-27,34%;-27,34;-27,48%;-27,48;Creciente;99,5%;99,5%;Satisfactorio;;;;;
Penetración de uso en la población A y B;31/03/2022;Cultura;Bienestar Social e Intelectual;0,43%;0,43;0,33%;0,33;Creciente;76,7%;76,7%;Incumple;;;;;
Crecimiento ingresos;31/03/2022;Bibliotecas;Bienestar Social e Intelectual;-45,51%;-45,51;22,29%;22,29;Creciente;404,2%;120,0%;Sobresaliente;;;;;
Cumplimiento de presupuesto de egreso cuentas fijas;31/03/2022;Bibliotecas;Bienestar Social e Intelectual;100,00%;100,00;84,35%;84,35;Decreciente;115,7%;115,7%;Sobresaliente;;;;;
Porcentaje de egreso subsidiado;31/03/2022;Bibliotecas;Bienestar Social e Intelectual;98,75%;98,75;96,86%;96,86;Decreciente;101,9%;101,9%;Sobresaliente;;;;;
Satísfacción afiliados ;31/03/2022;Bibliotecas;Bienestar Social e Intelectual; 4,65 ;4,65; 4,80 ;4,80;Creciente;103,2%;103,2%;Sobresaliente;;;;;
Percepción de bienestar generado por la Caja;31/03/2022;Bibliotecas;Bienestar Social e Intelectual;54,00%;54,00;72,63%;72,63;Creciente;134,5%;120,0%;Sobresaliente;;;;;
Crecimiento de coberturas;31/03/2022;Bibliotecas;Bienestar Social e Intelectual;9,25%;9,25;-14,18%;-14,18;Creciente;-153,3%;0,0%;Incumple;;;;;
Penetración de uso en la población A y B;31/03/2022;Bibliotecas;Bienestar Social e Intelectual;0,19%;0,19;0,45%;0,45;Creciente;236,8%;120,0%;Sobresaliente;;;;;
Crecimiento ingresos;31/03/2022;Desarrollo Humano;Bienestar Social e Intelectual;165,54%;165,54;75,58%;75,58;Creciente;45,7%;45,7%;Incumple;;;;;
Cumplimiento de presupuesto de egreso cuentas fijas;31/03/2022;Desarrollo Humano;Bienestar Social e Intelectual;100,00%;100,00;91,63%;91,63;Decreciente;108,4%;108,4%;Sobresaliente;;;;;
Porcentaje de egreso subsidiado;31/03/2022;Desarrollo Humano;Bienestar Social e Intelectual;31,32%;31,32;49,84%;49,84;Decreciente;40,9%;40,9%;Incumple;;;;;
Satísfacción afiliados ;31/03/2022;Desarrollo Humano;Bienestar Social e Intelectual; 4,65 ;4,65; 4,80 ;4,80;Creciente;103,2%;103,2%;Sobresaliente;;;;;
Percepción de bienestar generado por la Caja;31/03/2022;Desarrollo Humano;Bienestar Social e Intelectual;54,00%;54,00;75,58%;75,58;Creciente;140,0%;120,0%;Sobresaliente;;;;;
Crecimiento de coberturas;31/03/2022;Desarrollo Humano;Bienestar Social e Intelectual;251,10%;251,10;184,83%;184,83;Creciente;73,6%;73,6%;Incumple;;;;;
Penetración de uso en la población A y B;31/03/2022;Desarrollo Humano;Bienestar Social e Intelectual;39,10%;39,10;41,57%;41,57;Creciente;106,3%;106,3%;Sobresaliente;;;;;
Percepción de bienestar generado por la Caja;31/03/2022;Empleo;Bienestar Social e Intelectual;54,00%;54,00;68,82%;68,82;Creciente;127,4%;120,0%;Sobresaliente;;;;;
Satísfacción afiliados ;31/03/2022;Empleo;Bienestar Social e Intelectual; 4,65 ;4,65; 4,56 ;4,56;Creciente;98,1%;98,1%;Satisfactorio;;;;;
Crecimiento de coberturas;31/03/2022;Empleo;Bienestar Social e Intelectual;-37,07%;-37,07;-10,17%;-10,17;Creciente;172,6%;120,0%;Sobresaliente;;;;;
Colocados vs Vacantes;31/03/2022;Empleo;Bienestar Social e Intelectual;52%;52,00;51%;50,83;Creciente;97,8%;97,8%;Satisfactorio;;;;;
Cumplimiento de solicitudes radicadas para acceso al subsidio de desempleo;31/03/2022;Empleo;Bienestar Social e Intelectual;75%;75,00;65%;65,00;Creciente;86,7%;86,7%;Tolerable;;;;;
Crecimiento ingresos;31/03/2022;Vivienda ;Bienestar Económico ;-15,25%;-15,25;-24,18%;-24,18;Creciente;41,4%;41,4%;Incumple;;;;;
Porcentaje de márgen de utilidad;31/03/2022;Vivienda ;Bienestar Económico ;-4,22%;-4,22;-14,40%;-14,40;Creciente;-141,2%;0,0%;Incumple;;;;;
Cumplimiento de presupuesto de egreso cuentas fijas;31/03/2022;Vivienda ;Bienestar Económico ;100,00%;100,00;76,57%;76,57;Decreciente;123,4%;120,0%;Sobresaliente;;;;;
Satísfacción afiliados ;31/03/2022;Vivienda ;Bienestar Económico ; 4,65 ;4,65; 4,56 ;4,56;Creciente;98,1%;98,1%;Satisfactorio;;;;;
Percepción de bienestar generado por la Caja;31/03/2022;Vivienda ;Bienestar Económico ;54,00%;54,00;73,91%;73,91;Creciente;136,9%;120,0%;Sobresaliente;;;;;
Crecimiento de coberturas;31/03/2022;Vivienda ;Bienestar Económico ;44,72%;44,72;-1,24%;-1,24;Creciente;-2,8%;0,0%;Incumple;;;;;
Penetración de uso en la población A y B;31/03/2022;Vivienda ;Bienestar Económico ;63,52%;63,52;64,15%;64,15;Creciente;101,0%;101,0%;Sobresaliente;;;;;
Crecimiento ingresos;31/03/2022;Servicios Financieros;Bienestar Económico ;21,64%;21,64;21,42%;21,42;Creciente;99,0%;99,0%;Satisfactorio;;;;;
Porcentaje de márgen de utilidad;31/03/2022;Servicios Financieros;Bienestar Económico ;24,92%;24,92;45,80%;45,80;Creciente;183,8%;120,0%;Sobresaliente;;;;;
Cumplimiento de presupuesto de egreso cuentas fijas;31/03/2022;Servicios Financieros;Bienestar Económico ;100,00%;100,00;71,44%;71,44;Decreciente;128,6%;120,0%;Sobresaliente;;;;;
Satísfacción afiliados ;31/03/2022;Servicios Financieros;Bienestar Económico ;4,65%;4,65;4,59%;4,59;Creciente;98,7%;98,7%;Satisfactorio;;;;;
Percepción de bienestar generado por la Caja;31/03/2022;Servicios Financieros;Bienestar Económico ;54,00%;54,00;60,26%;60,26;Creciente;111,6%;111,6%;Sobresaliente;;;;;
Crecimiento de coberturas;31/03/2022;Servicios Financieros;Bienestar Económico ;16,81%;16,81;37,15%;37,15;Creciente;221,0%;120,0%;Sobresaliente;;;;;
Penetración de uso en la población A y B;31/03/2022;Servicios Financieros;Bienestar Económico ;99,32%;99,32;99,22%;99,22;Creciente;99,9%;99,9%;Satisfactorio;;;;;
Crecimiento ingresos;30/04/2022;Turismo;Bienestar Físico y Emocional;25,06%;25,06;42,94%;42,94;Creciente;171,3%;120,0%;Sobresaliente;;;;;
Porcentaje de márgen de utilidad;30/04/2022;Turismo;Bienestar Físico y Emocional;-105,93%;-105,93;-65,50%;-65,50;Creciente;138,2%;120,0%;Sobresaliente;;;;;
Cumplimiento de presupuesto de egreso cuentas fijas;30/04/2022;Turismo;Bienestar Físico y Emocional;100,00%;100,00;81,89%;81,89;Decreciente;118,1%;118,1%;Sobresaliente;;;;;
Porcentaje de egreso subsidiado;30/04/2022;Turismo;Bienestar Físico y Emocional;51,54%;51,54;39,58%;39,58;Decreciente;123,2%;120,0%;Sobresaliente;;;;;
Satísfacción afiliados ;30/04/2022;Turismo;Bienestar Físico y Emocional; 4,65 ;4,65; 4,68 ;4,68;Creciente;100,6%;100,6%;Sobresaliente;;;;;
Percepción de bienestar generado por la Caja;30/04/2022;Turismo;Bienestar Físico y Emocional;54,00%;54,00;73,84%;73,84;Creciente;136,7%;120,0%;Sobresaliente;;;;;
Crecimiento de coberturas;30/04/2022;Turismo;Bienestar Físico y Emocional;19,45%;19,45;36,79%;36,79;Creciente;189,2%;120,0%;Sobresaliente;;;;;
Penetración de uso en la población A y B;30/04/2022;Turismo;Bienestar Físico y Emocional;40,69%;40,69;34,37%;34,37;Creciente;84,5%;84,5%;Tolerable;;;;;
Crecimiento ingresos;30/04/2022;Hoteles;Bienestar Físico y Emocional;8,6%;8,63;33,97%;33,97;Creciente;393,6%;120,0%;Sobresaliente;;;;;
Cumplimiento de presupuesto de egreso cuentas fijas;30/04/2022;Hoteles;Bienestar Físico y Emocional;100,00%;100,00;82,38%;82,38;Decreciente;117,6%;117,6%;Sobresaliente;;;;;
Porcentaje de egreso subsidiado;30/04/2022;Hoteles;Bienestar Físico y Emocional;47,59%;47,59;42,15%;42,15;Decreciente;111,4%;111,4%;Sobresaliente;;;;;
Satísfacción afiliados ;30/04/2022;Hoteles;Bienestar Físico y Emocional; 4,65 ;4,65; 4,68 ;4,68;Creciente;100,6%;100,6%;Sobresaliente;;;;;
Percepción de bienestar generado por la Caja;30/04/2022;Hoteles;Bienestar Físico y Emocional;54,00%;54,00;73,73%;73,73;Creciente;136,5%;120,0%;Sobresaliente;;;;;
Crecimiento de coberturas;30/04/2022;Hoteles;Bienestar Físico y Emocional;13,28%;13,28;22,92%;22,92;Creciente;172,6%;120,0%;Sobresaliente;;;;;
Penetración de uso en la población A y B;30/04/2022;Hoteles;Bienestar Físico y Emocional;43,56%;43,56;37,32%;37,32;Creciente;85,7%;85,7%;Tolerable;;;;;
Crecimiento ingresos;30/04/2022;Agencia de Viajes;Bienestar Físico y Emocional;220,1%;220,10;252,66%;252,66;Creciente;114,8%;114,8%;Sobresaliente;;;;;
Porcentaje de márgen de utilidad;30/04/2022;Agencia de Viajes;Bienestar Físico y Emocional;-30,35%;-30,35;-0,21%;-0,21;Creciente;199,3%;120,0%;Sobresaliente;;;;;
Cumplimiento de presupuesto de egreso cuentas fijas;30/04/2022;Agencia de Viajes;Bienestar Físico y Emocional;100,00%;100,00;76,30%;76,30;Decreciente;123,7%;120,0%;Sobresaliente;;;;;
Satísfacción afiliados ;30/04/2022;Agencia de Viajes;Bienestar Físico y Emocional; 4,65 ;4,65; 4,66 ;4,66;Creciente;100,2%;100,2%;Sobresaliente;;;;;
Percepción de bienestar generado por la Caja;30/04/2022;Agencia de Viajes;Bienestar Físico y Emocional;54,00%;54,00;74,74%;74,74;Creciente;138,4%;120,0%;Sobresaliente;;;;;
Crecimiento de coberturas;30/04/2022;Agencia de Viajes;Bienestar Físico y Emocional;139,37%;139,37;306,63%;306,63;Creciente;220,0%;120,0%;Sobresaliente;;;;;
Penetración de uso en la población A y B;30/04/2022;Agencia de Viajes;Bienestar Físico y Emocional;14,35%;14,35;16,99%;16,99;Creciente;118,4%;118,4%;Sobresaliente;;;;;
Crecimiento ingresos;30/04/2022;Recreación y Deportes;Bienestar Físico y Emocional;103,6%;103,55;188,38%;188,38;Creciente;181,9%;120,0%;Sobresaliente;;;;;
Cumplimiento de presupuesto de egreso cuentas fijas;30/04/2022;Recreación y Deportes;Bienestar Físico y Emocional;100,00%;100,00;80,81%;80,81;Decreciente;119,2%;119,2%;Sobresaliente;;;;;
Porcentaje de egreso subsidiado;30/04/2022;Recreación y Deportes;Bienestar Físico y Emocional;64,87%;64,87;48,05%;48,05;Decreciente;125,9%;120,0%;Sobresaliente;;;;;
Satísfacción afiliados ;30/04/2022;Recreación y Deportes;Bienestar Físico y Emocional; 4,65 ;4,65; 4,67 ;4,67;Creciente;100,4%;100,4%;Sobresaliente;;;;;
Percepción de bienestar generado por la Caja;30/04/2022;Recreación y Deportes;Bienestar Físico y Emocional;54,00%;54,00;70,97%;70,97;Creciente;131,4%;120,0%;Sobresaliente;;;;;
Crecimiento de coberturas;30/04/2022;Recreación y Deportes;Bienestar Físico y Emocional;54,03%;54,03;101,78%;101,78;Creciente;188,4%;120,0%;Sobresaliente;;;;;
Penetración de uso en la población A y B;30/04/2022;Recreación y Deportes;Bienestar Físico y Emocional;28,39%;28,39;28,71%;28,71;Creciente;101,1%;101,1%;Sobresaliente;;;;;
Crecimiento ingresos;30/04/2022;Alimentos y Bebidas;Bienestar Físico y Emocional;43,18%;43,18;71,33%;71,33;Creciente;165,2%;120,0%;Sobresaliente;;;;;
Porcentaje de márgen de utilidad;30/04/2022;Alimentos y Bebidas;Bienestar Físico y Emocional;-3,94%;-3,94;13,21%;13,21;Creciente;229,8%;120,0%;Sobresaliente;;;;;
Cumplimiento de presupuesto de egreso cuentas fijas;30/04/2022;Alimentos y Bebidas;Bienestar Físico y Emocional;100,00%;100,00;75,73%;75,73;Decreciente;124,3%;120,0%;Sobresaliente;;;;;
Crecimiento ingresos;30/04/2022;Fomento de la salud;Bienestar Físico y Emocional;53,0%;53,01;91,39%;91,39;Creciente;172,4%;120,0%;Sobresaliente;;;;;
Cumplimiento de presupuesto de egreso cuentas fijas;30/04/2022;Fomento de la salud;Bienestar Físico y Emocional;100,00%;100,00;76,44%;76,44;Decreciente;123,6%;120,0%;Sobresaliente;;;;;
Porcentaje de egreso subsidiado;30/04/2022;Fomento de la salud;Bienestar Físico y Emocional;24,01%;24,01;16,45%;16,45;Decreciente;131,5%;120,0%;Sobresaliente;;;;;
Satísfacción afiliados ;30/04/2022;Fomento de la salud;Bienestar Físico y Emocional; 4,65 ;4,65; 4,53 ;4,53;Creciente;97,4%;97,4%;Satisfactorio;;;;;
Percepción de bienestar generado por la Caja;30/04/2022;Fomento de la salud;Bienestar Físico y Emocional;54,00%;54,00;66,07%;66,07;Creciente;122,4%;120,0%;Sobresaliente;;;;;
Crecimiento de coberturas;30/04/2022;Fomento de la salud;Bienestar Físico y Emocional;31,77%;31,77;64,42%;64,42;Creciente;202,8%;120,0%;Sobresaliente;;;;;
Penetración de uso en la población A y B;30/04/2022;Fomento de la salud;Bienestar Físico y Emocional;8,58%;8,58;14,75%;14,75;Creciente;171,9%;120,0%;Sobresaliente;;;;;
Crecimiento ingresos;30/04/2022;Educación;Bienestar Social e Intelectual;82,73%;82,73;151,37%;151,37;Creciente;183,0%;120,0%;Sobresaliente;;;;;
Cumplimiento de presupuesto de egreso cuentas fijas;30/04/2022;Educación;Bienestar Social e Intelectual;100,00%;100,00;90,27%;90,27;Decreciente;109,7%;109,7%;Sobresaliente;;;;;
Porcentaje de egreso subsidiado;30/04/2022;Educación;Bienestar Social e Intelectual;16,45%;16,45;6,31%;6,31;Decreciente;161,6%;120,0%;Sobresaliente;;;;;
Satísfacción afiliados ;30/04/2022;Educación;Bienestar Social e Intelectual; 4,65 ;4,65; 4,77 ;4,77;Creciente;102,6%;102,6%;Sobresaliente;;;;;
Percepción de bienestar generado por la Caja;30/04/2022;Educación;Bienestar Social e Intelectual;54,00%;54,00;72,91%;72,91;Creciente;135,0%;120,0%;Sobresaliente;;;;;
Crecimiento de coberturas;30/04/2022;Educación;Bienestar Social e Intelectual;81,10%;81,10;101,36%;101,36;Creciente;125,0%;120,0%;Sobresaliente;;;;;
Penetración de uso en la población A y B;30/04/2022;Educación;Bienestar Social e Intelectual;18,73%;18,73;32,36%;32,36;Creciente;172,8%;120,0%;Sobresaliente;;;;;
Crecimiento ingresos;30/04/2022;Educación Formal;Bienestar Social e Intelectual;0,0%;0,00;0,00%;0,00;Creciente;N/A;120,0%;Sobresaliente;;;;;
Cumplimiento de presupuesto de egreso cuentas fijas;30/04/2022;Educación Formal;Bienestar Social e Intelectual;0,00%;0,00;0,00%;0,00;Decreciente;N/A;120,0%;Sobresaliente;;;;;
Porcentaje de egreso subsidiado;30/04/2022;Educación Formal;Bienestar Social e Intelectual;0,00%;0,00;0,00%;0,00;Decreciente;N/A;120,0%;Sobresaliente;;;;;
Satísfacción afiliados ;30/04/2022;Educación Formal;Bienestar Social e Intelectual; -   ;0,00;0,00%;0,00;Creciente;N/A;120,0%;Sobresaliente;;;;;
Percepción de bienestar generado por la Caja;30/04/2022;Educación Formal;Bienestar Social e Intelectual;0,00%;0,00;0,00%;0,00;Creciente;N/A;120,0%;Sobresaliente;;;;;
Crecimiento de coberturas;30/04/2022;Educación Formal;Bienestar Social e Intelectual;0,00%;0,00;0,00%;0,00;Creciente;N/A;120,0%;Sobresaliente;;;;;
Penetración de uso en la población A y B;30/04/2022;Educación Formal;Bienestar Social e Intelectual;0,00%;0,00;0,00%;0,00;Creciente;N/A;120,0%;Sobresaliente;;;;;
Crecimiento ingresos;30/04/2022;ETDH;Bienestar Social e Intelectual;87,3%;87,25;191,09%;191,09;Creciente;219,0%;120,0%;Sobresaliente;;;;;
Cumplimiento de presupuesto de egreso cuentas fijas;30/04/2022;ETDH;Bienestar Social e Intelectual;100,00%;100,00;90,96%;90,96;Decreciente;109,0%;109,0%;Sobresaliente;;;;;
Porcentaje de egreso subsidiado;30/04/2022;ETDH;Bienestar Social e Intelectual;21,53%;21,53;10,30%;10,30;Decreciente;152,2%;120,0%;Sobresaliente;;;;;
Satísfacción afiliados ;30/04/2022;ETDH;Bienestar Social e Intelectual; 4,65 ;4,65; 4,75 ;4,75;Creciente;102,2%;102,2%;Sobresaliente;;;;;
Percepción de bienestar generado por la Caja;30/04/2022;ETDH;Bienestar Social e Intelectual;54,00%;54,00;74,83%;74,83;Creciente;138,6%;120,0%;Sobresaliente;;;;;
Crecimiento de coberturas;30/04/2022;ETDH;Bienestar Social e Intelectual;97,18%;97,18;105,20%;105,20;Creciente;108,3%;108,3%;Sobresaliente;;;;;
Penetración de uso en la población A y B;30/04/2022;ETDH;Bienestar Social e Intelectual;33,31%;33,31;38,16%;38,16;Creciente;114,6%;114,6%;Sobresaliente;;;;;
Crecimiento ingresos;30/04/2022;Desarrollo empresarial;Bienestar Social e Intelectual;82,51%;82,51;70,06%;70,06;Creciente;84,9%;84,9%;Tolerable;;;;;
Porcentaje de márgen de utilidad;30/04/2022;Desarrollo empresarial;Bienestar Social e Intelectual;-0,47%;-0,47;13,02%;13,02;Creciente;203,6%;120,0%;Sobresaliente;;;;;
Cumplimiento de presupuesto de egreso cuentas fijas;30/04/2022;Desarrollo empresarial;Bienestar Social e Intelectual;100,00%;100,00;87,64%;87,64;Decreciente;112,4%;112,4%;Sobresaliente;;;;;
Satísfacción afiliados ;30/04/2022;Desarrollo empresarial;Bienestar Social e Intelectual; 4,65 ;4,65; 4,79 ;4,79;Creciente;103,0%;103,0%;Sobresaliente;;;;;
Percepción de bienestar generado por la Caja;30/04/2022;Desarrollo empresarial;Bienestar Social e Intelectual;54,00%;54,00;71,23%;71,23;Creciente;131,9%;120,0%;Sobresaliente;;;;;
Crecimiento de coberturas;30/04/2022;Desarrollo empresarial;Bienestar Social e Intelectual;80,36%;80,36;158,37%;158,37;Creciente;197,1%;120,0%;Sobresaliente;;;;;
Penetración de uso en la población A y B;30/04/2022;Desarrollo empresarial;Bienestar Social e Intelectual;18,73%;18,73;12,23%;12,23;Creciente;65,3%;65,3%;Incumple;;;;;
Crecimiento ingresos;30/04/2022;Cultura;Bienestar Social e Intelectual;-43%;-42,78;81%;80,58;Creciente;253,1%;120,0%;Sobresaliente;;;;;
Cumplimiento de presupuesto de egreso cuentas fijas;30/04/2022;Cultura;Bienestar Social e Intelectual;100,00%;100,00;97,36%;97,36;Decreciente;102,6%;102,6%;Sobresaliente;;;;;
Porcentaje de egreso subsidiado;30/04/2022;Cultura;Bienestar Social e Intelectual;94,31%;94,31;81,51%;81,51;Decreciente;113,6%;113,6%;Sobresaliente;;;;;
Satísfacción afiliados ;30/04/2022;Cultura;Bienestar Social e Intelectual; 4,65 ;4,65; 4,79 ;4,79;Creciente;103,0%;103,0%;Sobresaliente;;;;;
Percepción de bienestar generado por la Caja;30/04/2022;Cultura;Bienestar Social e Intelectual;54,00%;54,00;75,04%;75,04;Creciente;139,0%;120,0%;Sobresaliente;;;;;
Crecimiento de coberturas;30/04/2022;Cultura;Bienestar Social e Intelectual;-2,00%;-2,00;1,14%;1,14;Creciente;375,4%;120,0%;Sobresaliente;;;;;
Penetración de uso en la población A y B;30/04/2022;Cultura;Bienestar Social e Intelectual;0,30%;0,30;0,54%;0,54;Creciente;180,0%;120,0%;Sobresaliente;;;;;
Crecimiento ingresos;30/04/2022;Bibliotecas;Bienestar Social e Intelectual;-25,49%;-25,49;8,90%;8,90;Creciente;486,4%;120,0%;Sobresaliente;;;;;
Cumplimiento de presupuesto de egreso cuentas fijas;30/04/2022;Bibliotecas;Bienestar Social e Intelectual;100,00%;100,00;76,77%;76,77;Decreciente;123,2%;120,0%;Sobresaliente;;;;;
Porcentaje de egreso subsidiado;30/04/2022;Bibliotecas;Bienestar Social e Intelectual;97,97%;97,97;96,61%;96,61;Decreciente;101,4%;101,4%;Sobresaliente;;;;;
Satísfacción afiliados ;30/04/2022;Bibliotecas;Bienestar Social e Intelectual; 4,65 ;4,65; 4,79 ;4,79;Creciente;103,0%;103,0%;Sobresaliente;;;;;
Percepción de bienestar generado por la Caja;30/04/2022;Bibliotecas;Bienestar Social e Intelectual;54,00%;54,00;72,32%;72,32;Creciente;133,9%;120,0%;Sobresaliente;;;;;
Crecimiento de coberturas;30/04/2022;Bibliotecas;Bienestar Social e Intelectual;10,10%;10,10;6,34%;6,34;Creciente;62,8%;62,8%;Incumple;;;;;
Penetración de uso en la población A y B;30/04/2022;Bibliotecas;Bienestar Social e Intelectual;0,19%;0,19;0,44%;0,44;Creciente;231,6%;120,0%;Sobresaliente;;;;;
Crecimiento ingresos;30/04/2022;Desarrollo Humano;Bienestar Social e Intelectual;154,53%;154,53;57,86%;57,86;Creciente;37,4%;37,4%;Incumple;;;;;
Cumplimiento de presupuesto de egreso cuentas fijas;30/04/2022;Desarrollo Humano;Bienestar Social e Intelectual;100,00%;100,00;93,48%;93,48;Decreciente;106,5%;106,5%;Sobresaliente;;;;;
Porcentaje de egreso subsidiado;30/04/2022;Desarrollo Humano;Bienestar Social e Intelectual;24,83%;24,83;47,66%;47,66;Decreciente;8,1%;8,1%;Incumple;;;;;
Satísfacción afiliados ;30/04/2022;Desarrollo Humano;Bienestar Social e Intelectual; 4,65 ;4,65; 4,79 ;4,79;Creciente;103,0%;103,0%;Sobresaliente;;;;;
Percepción de bienestar generado por la Caja;30/04/2022;Desarrollo Humano;Bienestar Social e Intelectual;54,00%;54,00;75,61%;75,61;Creciente;140,0%;120,0%;Sobresaliente;;;;;
Crecimiento de coberturas;30/04/2022;Desarrollo Humano;Bienestar Social e Intelectual;189,24%;189,24;158,60%;158,60;Creciente;83,8%;83,8%;Tolerable;;;;;
Penetración de uso en la población A y B;30/04/2022;Desarrollo Humano;Bienestar Social e Intelectual;35,97%;35,97;47,19%;47,19;Creciente;131,2%;120,0%;Sobresaliente;;;;;
Percepción de bienestar generado por la Caja;30/04/2022;Empleo;Bienestar Social e Intelectual;54,00%;54,00;69,90%;69,90;Creciente;129,4%;120,0%;Sobresaliente;;;;;
Satísfacción afiliados ;30/04/2022;Empleo;Bienestar Social e Intelectual; 4,65 ;4,65; 4,57 ;4,57;Creciente;98,3%;98,3%;Satisfactorio;;;;;
Crecimiento de coberturas;30/04/2022;Empleo;Bienestar Social e Intelectual;0,00%;0,00;0,00%;0,00;Creciente;N/A;120,0%;Sobresaliente;;;;;
Colocados vs Vacantes;30/04/2022;Empleo;Bienestar Social e Intelectual;0,00%;0,00;0,00%;0,00;Creciente;N/A;120,0%;Sobresaliente;;;;;
Cumplimiento de solicitudes radicadas para acceso al subsidio de desempleo;30/04/2022;Empleo;Bienestar Social e Intelectual;0,00%;0,00;0,00%;0,00;Creciente;N/A;120,0%;Sobresaliente;;;;;
Crecimiento ingresos;30/04/2022;Vivienda ;Bienestar Económico ;-5,93%;-5,93;-18,93%;-18,93;Creciente;-119,2%;0,0%;Incumple;;;;;
Porcentaje de márgen de utilidad;30/04/2022;Vivienda ;Bienestar Económico ;3,06%;3,06;-3,63%;-3,63;Creciente;-118,6%;0,0%;Incumple;;;;;
Cumplimiento de presupuesto de egreso cuentas fijas;30/04/2022;Vivienda ;Bienestar Económico ;100,00%;100,00;88,35%;88,35;Decreciente;111,7%;111,7%;Sobresaliente;;;;;
Satísfacción afiliados ;30/04/2022;Vivienda ;Bienestar Económico ; 4,65 ;4,65; 4,56 ;4,56;Creciente;98,1%;98,1%;Satisfactorio;;;;;
Percepción de bienestar generado por la Caja;30/04/2022;Vivienda ;Bienestar Económico ;54,00%;54,00;75,94%;75,94;Creciente;140,6%;120,0%;Sobresaliente;;;;;
Crecimiento de coberturas;30/04/2022;Vivienda ;Bienestar Económico ;71,57%;71,57;8,63%;8,63;Creciente;12,1%;12,1%;Incumple;;;;;
Penetración de uso en la población A y B;30/04/2022;Vivienda ;Bienestar Económico ;62,72%;62,72;71,50%;71,50;Creciente;114,0%;114,0%;Sobresaliente;;;;;
Crecimiento ingresos;30/04/2022;Servicios Financieros;Bienestar Económico ;22,28%;22,28;20,70%;20,70;Creciente;92,9%;92,9%;Tolerable;;;;;
Porcentaje de márgen de utilidad;30/04/2022;Servicios Financieros;Bienestar Económico ;30,57%;30,57;47,59%;47,59;Creciente;155,7%;120,0%;Sobresaliente;;;;;
Cumplimiento de presupuesto de egreso cuentas fijas;30/04/2022;Servicios Financieros;Bienestar Económico ;100,00%;100,00;67,01%;67,01;Decreciente;133,0%;120,0%;Sobresaliente;;;;;
Satísfacción afiliados ;30/04/2022;Servicios Financieros;Bienestar Económico ; 4,65 ;4,65; 4,61 ;4,61;Creciente;99,1%;99,1%;Satisfactorio;;;;;
Percepción de bienestar generado por la Caja;30/04/2022;Servicios Financieros;Bienestar Económico ;54,00%;54,00;63,89%;63,89;Creciente;118,3%;118,3%;Sobresaliente;;;;;
Crecimiento de coberturas;30/04/2022;Servicios Financieros;Bienestar Económico ;16,82%;16,82;34,42%;34,42;Creciente;204,6%;120,0%;Sobresaliente;;;;;
Penetración de uso en la población A y B;30/04/2022;Servicios Financieros;Bienestar Económico ;99,27%;99,27;99,16%;99,16;Creciente;99,9%;99,9%;Satisfactorio;;;;;
